Workbook

Sheet Reglas
B2: CONQUER · Rutina Mati y Nach
B3: Una hoja por día. Cada sesión anotás un solo número por escalón (la PEOR de las 3 series) en la columna Real. La planilla predice la siguiente y mide si acertó.
B5: Parámetros del modelo (editables)
B6: Incremento por sesión, dinámico (reps) | C6: 1
B7: Incremento por sesión, isométrico (s) | C7: 2
B8: Si el Δ medio de la hoja Modelo da más que esto varias semanas, el cuerpo progresa más rápido que la predicción: subí el incremento.
B10: Qué completás vos | C10: Celdas amarillas: progresión y modo de cada escalón (desplegables), y el número Real de cada sesión.
B11: Prev (predicción) | C11: Lo que la planilla espera que hagas esa sesión: la sesión anterior + el incremento, sin pasar del techo. Si venís de dos techos seguidos, predice el piso de la progresión siguiente.
B12: Real | C12: Lo que hiciste. Peor de las 3 series. Reps en dinámicos, segundos en isométricos y hold.
B13: Piso / techo | C13: Dinámico 3 → 8 reps. Isométrico 4 → 12 s.
B14: Subir de progresión | C14: Real = techo dos sesiones seguidas → Estado en verde: SUBIR. Elegís la progresión siguiente en el desplegable (las escaleras están en la hoja Escaleras, de más dura a más fácil) y la fila vuelve al piso.
B15: Un escalón por vez | C15: Si dos escalones dicen SUBIR, subí el E1 primero.
B16: Hold final | C16: Siempre al fallo, sin objetivo. Anotás segundos.
B17: Acierto y Δ | C17: Acierto = sesiones donde Real ≥ Prev. Δ = Real − Prev promedio. Con eso, en la hoja Modelo, ves si la predicción va corta o larga y ajustás los parámetros.
B18: Combos | C18: Hoja Combos: por cada combo anotás dos cosas por semana. Progresión de arranque: la elegís del desplegable. Series completadas: cuántas series del combo metiste en total. El objetivo gris es el plan (apertura 3, y 4 desde la semana 3).
B19: Sábado | C19: Sábado: push y después pull. Series completadas = las 3 máx más los drops que metiste, objetivo 13.
B21: Amarillo: lo completás vos
B22: Gris: predicción, no se toca
B23: Techo cumplido una vez
B24: SUBIR de progresión

Sheet Simulación
A1: CONQUER · Simulación
A2: Datos inventados para ver cómo se leen los gráficos. 12 sesiones de Planche press E1: sube de a 1, toca el techo dos veces, salta a la progresión siguiente y vuelve al piso.
B5: Sesión | C5: S1 | D5: S2 | E5: S3 | F5: S4 | G5: S5 | H5: S6 | I5: S7 | J5: S8 | K5: S9 | L5: S10 | M5: S11 | N5: S12
B6: Planche press E1 · predicho | C6: 3 | D6: 6 | E6: 7 | F6: 8 | G6: 8 | H6: 3 | I6: 4 | J6: 5 | K6: 6 | L6: 7 | M6: 8 | N6: 8
B7: Planche press E1 · real | C7: 5 | D7: 6 | E7: 7 | F7: 8 | G7: 8 | H7: 3 | I7: 4 | J7: 5 | K7: 6 | L7: 7 | M7: 8 | N7: 8
B8: Hold final (s) | C8: 9 | D8: 10 | E8: 10 | F8: 12 | G8: 11 | H8: 8 | I8: 9 | J8: 9 | K8: 11 | L8: 12 | M8: 12 | N8: 13
B9: Progresión | C9: tuck | D9: tuck | E9: tuck | F9: tuck | G9: tuck | H9: adv tuck | I9: adv tuck | J9: adv tuck | K9: adv tuck | L9: adv tuck | M9: adv tuck | N9: adv tuck
B10: Estado | C10: en rango | D10: en rango | E10: en rango | F10: techo 1 de 2 | G10: ⬆ SUBIR | H10: en rango | I10: en rango | J10: en rango | K10: en rango | L10: en rango | M10: techo 1 de 2 | N10: ⬆ SUBIR
B12: Así se van a ver los gráficos cuando haya datos reales (hoja Gráficos).

Sheet Plancha
A1: CONQUER · Rutina Mati y Nach
A2: PLANCHA
A3: Ejemplo cargado en Planche press E1 (fila 10): 6, 7, 8, 8. Borralo cuando arranques. · Amarillo = lo completás vos (progresión, modo, Real). Gris = predicción.
A4: Ejercicio | B4: Escalón | C4: Progresión | D4: Modo | E4: Tipo | F4: Piso | G4: Techo | H4: S1 prev | I4: S1 real | J4: S2 prev | K4: S2 real | L4: S3 prev | M4: S3 real | N4: S4 prev | O4: S4 real | P4: S5 prev | Q4: S5 real | R4: S6 prev | S4: S6 real | T4: Última | U4: Próximo (S7 prev) | V4: Estado | W4: Aciertos | X4: Sesiones | Y4: % acierto | Z4: Δ medio
A5: Planche hold | B5: E1 | C5: full | D5: hold | E5: s | F5: =IF(E5="reps",3,4) -> 4 | G5: =IF(E5="reps",8,12) -> 12 | H5: =F5 -> 4 | J5: =IF(I5="","",IF(FALSE(),F5,MIN(G5,I5+IF(E5="s",Reglas!$C$7,Reglas!$C$6)))) | L5: =IF(K5="","",IF(AND(K5>=G5,I5>=G5),F5,MIN(G5,K5+IF(E5="s",Reglas!$C$7,Reglas!$C$6)))) | N5: =IF(M5="","",IF(AND(M5>=G5,K5>=G5),F5,MIN(G5,M5+IF(E5="s",Reglas!$C$7,Reglas!$C$6)))) | P5: =IF(O5="","",IF(AND(O5>=G5,M5>=G5),F5,MIN(G5,O5+IF(E5="s",Reglas!$C$7,Reglas!$C$6)))) | R5: =IF(Q5="","",IF(AND(Q5>=G5,O5>=G5),F5,MIN(G5,Q5+IF(E5="s",Reglas!$C$7,Reglas!$C$6)))) | T5: =IF(S5<>"",S5,IF(Q5<>"",Q5,IF(O5<>"",O5,IF(M5<>"",M5,IF(K5<>"",K5,IF(I5<>"",I5,"")))))) | U5: =IF(B5="hold final","al fallo",IF(T5="",F5&" (piso)",IF(AND(T5>=G5,IF(AND(S5<>"",TRUE()),Q5,IF(AND(Q5<>"",S5=""),O5,IF(AND(O5<>"",Q5=""),M5,IF(AND(M5<>"",O5=""),K5,IF(AND(K5<>"",M5=""),I5,0)))))>=G5),F5&" (piso, progresión nueva)",MIN(G5,T5+IF(E5="s",Reglas!$C$7,Reglas!$C$6))))) -> 4 (piso) | V5: =IF(B5="hold final","",IF(T5="","sin datos",IF(AND(T5>=G5,IF(AND(S5<>"",TRUE()),Q5,IF(AND(Q5<>"",S5=""),O5,IF(AND(O5<>"",Q5=""),M5,IF(AND(M5<>"",O5=""),K5,IF(AND(K5<>"",M5=""),I5,0)))))>=G5),"⬆ SUBIR de progresión",IF(T5>=G5,"techo 1 de 2",IF(T5<F5,"bajo el piso: revisar","en rango"))))) -> sin datos | W5: =IF(AND(I5<>"",H5<>""),IF(I5>=H5,1,0),0)+IF(AND(K5<>"",J5<>""),IF(K5>=J5,1,0),0)+IF(AND(M5<>"",L5<>""),IF(M5>=L5,1,0),0)+IF(AND(O5<>"",N5<>""),IF(O5>=N5,1,0),0)+IF(AND(Q5<>"",P5<>""),IF(Q5>=P5,1,0),0)+IF(AND(S5<>"",R5<>""),IF(S5>=R5,1,0),0) -> 0 | X5: =IF(AND(I5<>"",H5<>""),1,0)+IF(AND(K5<>"",J5<>""),1,0)+IF(AND(M5<>"",L5<>""),1,0)+IF(AND(O5<>"",N5<>""),1,0)+IF(AND(Q5<>"",P5<>""),1,0)+IF(AND(S5<>"",R5<>""),1,0) -> 0 | Y5: =IF(X5=0,"",W5/X5) | Z5: =IF(X5=0,"",(IF(AND(I5<>"",H5<>""),I5-H5,0)+IF(AND(K5<>"",J5<>""),K5-J5,0)+IF(AND(M5<>"",L5<>""),M5-L5,0)+IF(AND(O5<>"",N5<>""),O5-N5,0)+IF(AND(Q5<>"",P5<>""),Q5-P5,0)+IF(AND(S5<>"",R5<>""),S5-R5,0))/X5)
B6: E2 | C6: straddle | D6: hold | E6: s | F6: =IF(E6="reps",3,4) -> 4 | G6: =IF(E6="reps",8,12) -> 12 | H6: =F6 -> 4 | J6: =IF(I6="","",IF(FALSE(),F6,MIN(G6,I6+IF(E6="s",Reglas!$C$7,Reglas!$C$6)))) | L6: =IF(K6="","",IF(AND(K6>=G6,I6>=G6),F6,MIN(G6,K6+IF(E6="s",Reglas!$C$7,Reglas!$C$6)))) | N6: =IF(M6="","",IF(AND(M6>=G6,K6>=G6),F6,MIN(G6,M6+IF(E6="s",Reglas!$C$7,Reglas!$C$6)))) | P6: =IF(O6="","",IF(AND(O6>=G6,M6>=G6),F6,MIN(G6,O6+IF(E6="s",Reglas!$C$7,Reglas!$C$6)))) | R6: =IF(Q6="","",IF(AND(Q6>=G6,O6>=G6),F6,MIN(G6,Q6+IF(E6="s",Reglas!$C$7,Reglas!$C$6)))) | T6: =IF(S6<>"",S6,IF(Q6<>"",Q6,IF(O6<>"",O6,IF(M6<>"",M6,IF(K6<>"",K6,IF(I6<>"",I6,"")))))) | U6: =IF(B6="hold final","al fallo",IF(T6="",F6&" (piso)",IF(AND(T6>=G6,IF(AND(S6<>"",TRUE()),Q6,IF(AND(Q6<>"",S6=""),O6,IF(AND(O6<>"",Q6=""),M6,IF(AND(M6<>"",O6=""),K6,IF(AND(K6<>"",M6=""),I6,0)))))>=G6),F6&" (piso, progresión nueva)",MIN(G6,T6+IF(E6="s",Reglas!$C$7,Reglas!$C$6))))) -> 4 (piso) | V6: =IF(B6="hold final","",IF(T6="","sin datos",IF(AND(T6>=G6,IF(AND(S6<>"",TRUE()),Q6,IF(AND(Q6<>"",S6=""),O6,IF(AND(O6<>"",Q6=""),M6,IF(AND(M6<>"",O6=""),K6,IF(AND(K6<>"",M6=""),I6,0)))))>=G6),"⬆ SUBIR de progresión",IF(T6>=G6,"techo 1 de 2",IF(T6<F6,"bajo el piso: revisar","en rango"))))) -> sin datos | W6: =IF(AND(I6<>"",H6<>""),IF(I6>=H6,1,0),0)+IF(AND(K6<>"",J6<>""),IF(K6>=J6,1,0),0)+IF(AND(M6<>"",L6<>""),IF(M6>=L6,1,0),0)+IF(AND(O6<>"",N6<>""),IF(O6>=N6,1,0),0)+IF(AND(Q6<>"",P6<>""),IF(Q6>=P6,1,0),0)+IF(AND(S6<>"",R6<>""),IF(S6>=R6,1,0),0) -> 0 | X6: =IF(AND(I6<>"",H6<>""),1,0)+IF(AND(K6<>"",J6<>""),1,0)+IF(AND(M6<>"",L6<>""),1,0)+IF(AND(O6<>"",N6<>""),1,0)+IF(AND(Q6<>"",P6<>""),1,0)+IF(AND(S6<>"",R6<>""),1,0) -> 0 | Y6: =IF(X6=0,"",W6/X6) | Z6: =IF(X6=0,"",(IF(AND(I6<>"",H6<>""),I6-H6,0)+IF(AND(K6<>"",J6<>""),K6-J6,0)+IF(AND(M6<>"",L6<>""),M6-L6,0)+IF(AND(O6<>"",N6<>""),O6-N6,0)+IF(AND(Q6<>"",P6<>""),Q6-P6,0)+IF(AND(S6<>"",R6<>""),S6-R6,0))/X6)
B7: E3 | C7: adv tuck | D7: hold | E7: s | F7: =IF(E7="reps",3,4) -> 4 | G7: =IF(E7="reps",8,12) -> 12 | H7: =F7 -> 4 | J7: =IF(I7="","",IF(FALSE(),F7,MIN(G7,I7+IF(E7="s",Reglas!$C$7,Reglas!$C$6)))) | L7: =IF(K7="","",IF(AND(K7>=G7,I7>=G7),F7,MIN(G7,K7+IF(E7="s",Reglas!$C$7,Reglas!$C$6)))) | N7: =IF(M7="","",IF(AND(M7>=G7,K7>=G7),F7,MIN(G7,M7+IF(E7="s",Reglas!$C$7,Reglas!$C$6)))) | P7: =IF(O7="","",IF(AND(O7>=G7,M7>=G7),F7,MIN(G7,O7+IF(E7="s",Reglas!$C$7,Reglas!$C$6)))) | R7: =IF(Q7="","",IF(AND(Q7>=G7,O7>=G7),F7,MIN(G7,Q7+IF(E7="s",Reglas!$C$7,Reglas!$C$6)))) | T7: =IF(S7<>"",S7,IF(Q7<>"",Q7,IF(O7<>"",O7,IF(M7<>"",M7,IF(K7<>"",K7,IF(I7<>"",I7,"")))))) | U7: =IF(B7="hold final","al fallo",IF(T7="",F7&" (piso)",IF(AND(T7>=G7,IF(AND(S7<>"",TRUE()),Q7,IF(AND(Q7<>"",S7=""),O7,IF(AND(O7<>"",Q7=""),M7,IF(AND(M7<>"",O7=""),K7,IF(AND(K7<>"",M7=""),I7,0)))))>=G7),F7&" (piso, progresión nueva)",MIN(G7,T7+IF(E7="s",Reglas!$C$7,Reglas!$C$6))))) -> 4 (piso) | V7: =IF(B7="hold final","",IF(T7="","sin datos",IF(AND(T7>=G7,IF(AND(S7<>"",TRUE()),Q7,IF(AND(Q7<>"",S7=""),O7,IF(AND(O7<>"",Q7=""),M7,IF(AND(M7<>"",O7=""),K7,IF(AND(K7<>"",M7=""),I7,0)))))>=G7),"⬆ SUBIR de progresión",IF(T7>=G7,"techo 1 de 2",IF(T7<F7,"bajo el piso: revisar","en rango"))))) -> sin datos | W7: =IF(AND(I7<>"",H7<>""),IF(I7>=H7,1,0),0)+IF(AND(K7<>"",J7<>""),IF(K7>=J7,1,0),0)+IF(AND(M7<>"",L7<>""),IF(M7>=L7,1,0),0)+IF(AND(O7<>"",N7<>""),IF(O7>=N7,1,0),0)+IF(AND(Q7<>"",P7<>""),IF(Q7>=P7,1,0),0)+IF(AND(S7<>"",R7<>""),IF(S7>=R7,1,0),0) -> 0 | X7: =IF(AND(I7<>"",H7<>""),1,0)+IF(AND(K7<>"",J7<>""),1,0)+IF(AND(M7<>"",L7<>""),1,0)+IF(AND(O7<>"",N7<>""),1,0)+IF(AND(Q7<>"",P7<>""),1,0)+IF(AND(S7<>"",R7<>""),1,0) -> 0 | Y7: =IF(X7=0,"",W7/X7) | Z7: =IF(X7=0,"",(IF(AND(I7<>"",H7<>""),I7-H7,0)+IF(AND(K7<>"",J7<>""),K7-J7,0)+IF(AND(M7<>"",L7<>""),M7-L7,0)+IF(AND(O7<>"",N7<>""),O7-N7,0)+IF(AND(Q7<>"",P7<>""),Q7-P7,0)+IF(AND(S7<>"",R7<>""),S7-R7,0))/X7)
B8: hold final | C8: tuck | D8: hold | E8: s | F8: =IF(E8="reps",3,4) -> 4 | G8: =IF(E8="reps",8,12) -> 12 | H8: al fallo | J8: al fallo | L8: al fallo | N8: al fallo | P8: al fallo | R8: al fallo | T8: =IF(S8<>"",S8,IF(Q8<>"",Q8,IF(O8<>"",O8,IF(M8<>"",M8,IF(K8<>"",K8,IF(I8<>"",I8,"")))))) | U8: =IF(B8="hold final","al fallo",IF(T8="",F8&" (piso)",IF(AND(T8>=G8,IF(AND(S8<>"",TRUE()),Q8,IF(AND(Q8<>"",S8=""),O8,IF(AND(O8<>"",Q8=""),M8,IF(AND(M8<>"",O8=""),K8,IF(AND(K8<>"",M8=""),I8,0)))))>=G8),F8&" (piso, progresión nueva)",MIN(G8,T8+IF(E8="s",Reglas!$C$7,Reglas!$C$6))))) -> al fallo | V8: =IF(B8="hold final","",IF(T8="","sin datos",IF(AND(T8>=G8,IF(AND(S8<>"",TRUE()),Q8,IF(AND(Q8<>"",S8=""),O8,IF(AND(O8<>"",Q8=""),M8,IF(AND(M8<>"",O8=""),K8,IF(AND(K8<>"",M8=""),I8,0)))))>=G8),"⬆ SUBIR de progresión",IF(T8>=G8,"techo 1 de 2",IF(T8<F8,"bajo el piso: revisar","en rango")))))
A10: Planche press | B10: E1 | C10: tuck | D10: completa | E10: reps | F10: =IF(E10="reps",3,4) -> 3 | G10: =IF(E10="reps",8,12) -> 8 | H10: =F10 -> 3 | I10: 6 | J10: =IF(I10="","",IF(FALSE(),F10,MIN(G10,I10+IF(E10="s",Reglas!$C$7,Reglas!$C$6)))) -> 7 | K10: 7 | L10: =IF(K10="","",IF(AND(K10>=G10,I10>=G10),F10,MIN(G10,K10+IF(E10="s",Reglas!$C$7,Reglas!$C$6)))) -> 8 | M10: 8 | N10: =IF(M10="","",IF(AND(M10>=G10,K10>=G10),F10,MIN(G10,M10+IF(E10="s",Reglas!$C$7,Reglas!$C$6)))) -> 8 | O10: 8 | P10: =IF(O10="","",IF(AND(O10>=G10,M10>=G10),F10,MIN(G10,O10+IF(E10="s",Reglas!$C$7,Reglas!$C$6)))) -> 3 | R10: =IF(Q10="","",IF(AND(Q10>=G10,O10>=G10),F10,MIN(G10,Q10+IF(E10="s",Reglas!$C$7,Reglas!$C$6)))) | T10: =IF(S10<>"",S10,IF(Q10<>"",Q10,IF(O10<>"",O10,IF(M10<>"",M10,IF(K10<>"",K10,IF(I10<>"",I10,"")))))) -> 8 | U10: =IF(B10="hold final","al fallo",IF(T10="",F10&" (piso)",IF(AND(T10>=G10,IF(AND(S10<>"",TRUE()),Q10,IF(AND(Q10<>"",S10=""),O10,IF(AND(O10<>"",Q10=""),M10,IF(AND(M10<>"",O10=""),K10,IF(AND(K10<>"",M10=""),I10,0)))))>=G10),F10&" (piso, progresión nueva)",MIN(G10,T10+IF(E10="s",Reglas!$C$7,Reglas!$C$6))))) -> 3 (piso, progresión nueva) | V10: =IF(B10="hold final","",IF(T10="","sin datos",IF(AND(T10>=G10,IF(AND(S10<>"",TRUE()),Q10,IF(AND(Q10<>"",S10=""),O10,IF(AND(O10<>"",Q10=""),M10,IF(AND(M10<>"",O10=""),K10,IF(AND(K10<>"",M10=""),I10,0)))))>=G10),"⬆ SUBIR de progresión",IF(T10>=G10,"techo 1 de 2",IF(T10<F10,"bajo el piso: revisar","en rango"))))) -> ⬆ SUBIR de progresión | W10: =IF(AND(I10<>"",H10<>""),IF(I10>=H10,1,0),0)+IF(AND(K10<>"",J10<>""),IF(K10>=J10,1,0),0)+IF(AND(M10<>"",L10<>""),IF(M10>=L10,1,0),0)+IF(AND(O10<>"",N10<>""),IF(O10>=N10,1,0),0)+IF(AND(Q10<>"",P10<>""),IF(Q10>=P10,1,0),0)+IF(AND(S10<>"",R10<>""),IF(S10>=R10,1,0),0) -> 4 | X10: =IF(AND(I10<>"",H10<>""),1,0)+IF(AND(K10<>"",J10<>""),1,0)+IF(AND(M10<>"",L10<>""),1,0)+IF(AND(O10<>"",N10<>""),1,0)+IF(AND(Q10<>"",P10<>""),1,0)+IF(AND(S10<>"",R10<>""),1,0) -> 4 | Y10: =IF(X10=0,"",W10/X10) -> 1 | Z10: =IF(X10=0,"",(IF(AND(I10<>"",H10<>""),I10-H10,0)+IF(AND(K10<>"",J10<>""),K10-J10,0)+IF(AND(M10<>"",L10<>""),M10-L10,0)+IF(AND(O10<>"",N10<>""),O10-N10,0)+IF(AND(Q10<>"",P10<>""),Q10-P10,0)+IF(AND(S10<>"",R10<>""),S10-R10,0))/X10) -> 0.75
B11: E2 | C11: tuck | D11: negativa | E11: reps | F11: =IF(E11="reps",3,4) -> 3 | G11: =IF(E11="reps",8,12) -> 8 | H11: =F11 -> 3 | J11: =IF(I11="","",IF(FALSE(),F11,MIN(G11,I11+IF(E11="s",Reglas!$C$7,Reglas!$C$6)))) | L11: =IF(K11="","",IF(AND(K11>=G11,I11>=G11),F11,MIN(G11,K11+IF(E11="s",Reglas!$C$7,Reglas!$C$6)))) | N11: =IF(M11="","",IF(AND(M11>=G11,K11>=G11),F11,MIN(G11,M11+IF(E11="s",Reglas!$C$7,Reglas!$C$6)))) | P11: =IF(O11="","",IF(AND(O11>=G11,M11>=G11),F11,MIN(G11,O11+IF(E11="s",Reglas!$C$7,Reglas!$C$6)))) | R11: =IF(Q11="","",IF(AND(Q11>=G11,O11>=G11),F11,MIN(G11,Q11+IF(E11="s",Reglas!$C$7,Reglas!$C$6)))) | T11: =IF(S11<>"",S11,IF(Q11<>"",Q11,IF(O11<>"",O11,IF(M11<>"",M11,IF(K11<>"",K11,IF(I11<>"",I11,"")))))) | U11: =IF(B11="hold final","al fallo",IF(T11="",F11&" (piso)",IF(AND(T11>=G11,IF(AND(S11<>"",TRUE()),Q11,IF(AND(Q11<>"",S11=""),O11,IF(AND(O11<>"",Q11=""),M11,IF(AND(M11<>"",O11=""),K11,IF(AND(K11<>"",M11=""),I11,0)))))>=G11),F11&" (piso, progresión nueva)",MIN(G11,T11+IF(E11="s",Reglas!$C$7,Reglas!$C$6))))) -> 3 (piso) | V11: =IF(B11="hold final","",IF(T11="","sin datos",IF(AND(T11>=G11,IF(AND(S11<>"",TRUE()),Q11,IF(AND(Q11<>"",S11=""),O11,IF(AND(O11<>"",Q11=""),M11,IF(AND(M11<>"",O11=""),K11,IF(AND(K11<>"",M11=""),I11,0)))))>=G11),"⬆ SUBIR de progresión",IF(T11>=G11,"techo 1 de 2",IF(T11<F11,"bajo el piso: revisar","en rango"))))) -> sin datos | W11: =IF(AND(I11<>"",H11<>""),IF(I11>=H11,1,0),0)+IF(AND(K11<>"",J11<>""),IF(K11>=J11,1,0),0)+IF(AND(M11<>"",L11<>""),IF(M11>=L11,1,0),0)+IF(AND(O11<>"",N11<>""),IF(O11>=N11,1,0),0)+IF(AND(Q11<>"",P11<>""),IF(Q11>=P11,1,0),0)+IF(AND(S11<>"",R11<>""),IF(S11>=R11,1,0),0) -> 0 | X11: =IF(AND(I11<>"",H11<>""),1,0)+IF(AND(K11<>"",J11<>""),1,0)+IF(AND(M11<>"",L11<>""),1,0)+IF(AND(O11<>"",N11<>""),1,0)+IF(AND(Q11<>"",P11<>""),1,0)+IF(AND(S11<>"",R11<>""),1,0) -> 0 | Y11: =IF(X11=0,"",W11/X11) | Z11: =IF(X11=0,"",(IF(AND(I11<>"",H11<>""),I11-H11,0)+IF(AND(K11<>"",J11<>""),K11-J11,0)+IF(AND(M11<>"",L11<>""),M11-L11,0)+IF(AND(O11<>"",N11<>""),O11-N11,0)+IF(AND(Q11<>"",P11<>""),Q11-P11,0)+IF(AND(S11<>"",R11<>""),S11-R11,0))/X11)
B12: E3 | C12: lean | D12: completa | E12: reps | F12: =IF(E12="reps",3,4) -> 3 | G12: =IF(E12="reps",8,12) -> 8 | H12: =F12 -> 3 | J12: =IF(I12="","",IF(FALSE(),F12,MIN(G12,I12+IF(E12="s",Reglas!$C$7,Reglas!$C$6)))) | L12: =IF(K12="","",IF(AND(K12>=G12,I12>=G12),F12,MIN(G12,K12+IF(E12="s",Reglas!$C$7,Reglas!$C$6)))) | N12: =IF(M12="","",IF(AND(M12>=G12,K12>=G12),F12,MIN(G12,M12+IF(E12="s",Reglas!$C$7,Reglas!$C$6)))) | P12: =IF(O12="","",IF(AND(O12>=G12,M12>=G12),F12,MIN(G12,O12+IF(E12="s",Reglas!$C$7,Reglas!$C$6)))) | R12: =IF(Q12="","",IF(AND(Q12>=G12,O12>=G12),F12,MIN(G12,Q12+IF(E12="s",Reglas!$C$7,Reglas!$C$6)))) | T12: =IF(S12<>"",S12,IF(Q12<>"",Q12,IF(O12<>"",O12,IF(M12<>"",M12,IF(K12<>"",K12,IF(I12<>"",I12,"")))))) | U12: =IF(B12="hold final","al fallo",IF(T12="",F12&" (piso)",IF(AND(T12>=G12,IF(AND(S12<>"",TRUE()),Q12,IF(AND(Q12<>"",S12=""),O12,IF(AND(O12<>"",Q12=""),M12,IF(AND(M12<>"",O12=""),K12,IF(AND(K12<>"",M12=""),I12,0)))))>=G12),F12&" (piso, progresión nueva)",MIN(G12,T12+IF(E12="s",Reglas!$C$7,Reglas!$C$6))))) -> 3 (piso) | V12: =IF(B12="hold final","",IF(T12="","sin datos",IF(AND(T12>=G12,IF(AND(S12<>"",TRUE()),Q12,IF(AND(Q12<>"",S12=""),O12,IF(AND(O12<>"",Q12=""),M12,IF(AND(M12<>"",O12=""),K12,IF(AND(K12<>"",M12=""),I12,0)))))>=G12),"⬆ SUBIR de progresión",IF(T12>=G12,"techo 1 de 2",IF(T12<F12,"bajo el piso: revisar","en rango"))))) -> sin datos | W12: =IF(AND(I12<>"",H12<>""),IF(I12>=H12,1,0),0)+IF(AND(K12<>"",J12<>""),IF(K12>=J12,1,0),0)+IF(AND(M12<>"",L12<>""),IF(M12>=L12,1,0),0)+IF(AND(O12<>"",N12<>""),IF(O12>=N12,1,0),0)+IF(AND(Q12<>"",P12<>""),IF(Q12>=P12,1,0),0)+IF(AND(S12<>"",R12<>""),IF(S12>=R12,1,0),0) -> 0 | X12: =IF(AND(I12<>"",H12<>""),1,0)+IF(AND(K12<>"",J12<>""),1,0)+IF(AND(M12<>"",L12<>""),1,0)+IF(AND(O12<>"",N12<>""),1,0)+IF(AND(Q12<>"",P12<>""),1,0)+IF(AND(S12<>"",R12<>""),1,0) -> 0 | Y12: =IF(X12=0,"",W12/X12) | Z12: =IF(X12=0,"",(IF(AND(I12<>"",H12<>""),I12-H12,0)+IF(AND(K12<>"",J12<>""),K12-J12,0)+IF(AND(M12<>"",L12<>""),M12-L12,0)+IF(AND(O12<>"",N12<>""),O12-N12,0)+IF(AND(Q12<>"",P12<>""),Q12-P12,0)+IF(AND(S12<>"",R12<>""),S12-R12,0))/X12)
B13: hold final | C13: lean | D13: hold | E13: s | F13: =IF(E13="reps",3,4) -> 4 | G13: =IF(E13="reps",8,12) -> 12 | H13: al fallo | J13: al fallo | L13: al fallo | N13: al fallo | P13: al fallo | R13: al fallo | T13: =IF(S13<>"",S13,IF(Q13<>"",Q13,IF(O13<>"",O13,IF(M13<>"",M13,IF(K13<>"",K13,IF(I13<>"",I13,"")))))) | U13: =IF(B13="hold final","al fallo",IF(T13="",F13&" (piso)",IF(AND(T13>=G13,IF(AND(S13<>"",TRUE()),Q13,IF(AND(Q13<>"",S13=""),O13,IF(AND(O13<>"",Q13=""),M13,IF(AND(M13<>"",O13=""),K13,IF(AND(K13<>"",M13=""),I13,0)))))>=G13),F13&" (piso, progresión nueva)",MIN(G13,T13+IF(E13="s",Reglas!$C$7,Reglas!$C$6))))) -> al fallo | V13: =IF(B13="hold final","",IF(T13="","sin datos",IF(AND(T13>=G13,IF(AND(S13<>"",TRUE()),Q13,IF(AND(Q13<>"",S13=""),O13,IF(AND(O13<>"",Q13=""),M13,IF(AND(M13<>"",O13=""),K13,IF(AND(K13<>"",M13=""),I13,0)))))>=G13),"⬆ SUBIR de progresión",IF(T13>=G13,"techo 1 de 2",IF(T13<F13,"bajo el piso: revisar","en rango")))))
A15: L-sit a plancha | B15: E1 | C15: a tuck | D15: completa | E15: reps | F15: =IF(E15="reps",3,4) -> 3 | G15: =IF(E15="reps",8,12) -> 8 | H15: =F15 -> 3 | J15: =IF(I15="","",IF(FALSE(),F15,MIN(G15,I15+IF(E15="s",Reglas!$C$7,Reglas!$C$6)))) | L15: =IF(K15="","",IF(AND(K15>=G15,I15>=G15),F15,MIN(G15,K15+IF(E15="s",Reglas!$C$7,Reglas!$C$6)))) | N15: =IF(M15="","",IF(AND(M15>=G15,K15>=G15),F15,MIN(G15,M15+IF(E15="s",Reglas!$C$7,Reglas!$C$6)))) | P15: =IF(O15="","",IF(AND(O15>=G15,M15>=G15),F15,MIN(G15,O15+IF(E15="s",Reglas!$C$7,Reglas!$C$6)))) | R15: =IF(Q15="","",IF(AND(Q15>=G15,O15>=G15),F15,MIN(G15,Q15+IF(E15="s",Reglas!$C$7,Reglas!$C$6)))) | T15: =IF(S15<>"",S15,IF(Q15<>"",Q15,IF(O15<>"",O15,IF(M15<>"",M15,IF(K15<>"",K15,IF(I15<>"",I15,"")))))) | U15: =IF(B15="hold final","al fallo",IF(T15="",F15&" (piso)",IF(AND(T15>=G15,IF(AND(S15<>"",TRUE()),Q15,IF(AND(Q15<>"",S15=""),O15,IF(AND(O15<>"",Q15=""),M15,IF(AND(M15<>"",O15=""),K15,IF(AND(K15<>"",M15=""),I15,0)))))>=G15),F15&" (piso, progresión nueva)",MIN(G15,T15+IF(E15="s",Reglas!$C$7,Reglas!$C$6))))) -> 3 (piso) | V15: =IF(B15="hold final","",IF(T15="","sin datos",IF(AND(T15>=G15,IF(AND(S15<>"",TRUE()),Q15,IF(AND(Q15<>"",S15=""),O15,IF(AND(O15<>"",Q15=""),M15,IF(AND(M15<>"",O15=""),K15,IF(AND(K15<>"",M15=""),I15,0)))))>=G15),"⬆ SUBIR de progresión",IF(T15>=G15,"techo 1 de 2",IF(T15<F15,"bajo el piso: revisar","en rango"))))) -> sin datos | W15: =IF(AND(I15<>"",H15<>""),IF(I15>=H15,1,0),0)+IF(AND(K15<>"",J15<>""),IF(K15>=J15,1,0),0)+IF(AND(M15<>"",L15<>""),IF(M15>=L15,1,0),0)+IF(AND(O15<>"",N15<>""),IF(O15>=N15,1,0),0)+IF(AND(Q15<>"",P15<>""),IF(Q15>=P15,1,0),0)+IF(AND(S15<>"",R15<>""),IF(S15>=R15,1,0),0) -> 0 | X15: =IF(AND(I15<>"",H15<>""),1,0)+IF(AND(K15<>"",J15<>""),1,0)+IF(AND(M15<>"",L15<>""),1,0)+IF(AND(O15<>"",N15<>""),1,0)+IF(AND(Q15<>"",P15<>""),1,0)+IF(AND(S15<>"",R15<>""),1,0) -> 0 | Y15: =IF(X15=0,"",W15/X15) | Z15: =IF(X15=0,"",(IF(AND(I15<>"",H15<>""),I15-H15,0)+IF(AND(K15<>"",J15<>""),K15-J15,0)+IF(AND(M15<>"",L15<>""),M15-L15,0)+IF(AND(O15<>"",N15<>""),O15-N15,0)+IF(AND(Q15<>"",P15<>""),Q15-P15,0)+IF(AND(S15<>"",R15<>""),S15-R15,0))/X15)
B16: E2 | C16: a tuck | D16: negativa | E16: reps | F16: =IF(E16="reps",3,4) -> 3 | G16: =IF(E16="reps",8,12) -> 8 | H16: =F16 -> 3 | J16: =IF(I16="","",IF(FALSE(),F16,MIN(G16,I16+IF(E16="s",Reglas!$C$7,Reglas!$C$6)))) | L16: =IF(K16="","",IF(AND(K16>=G16,I16>=G16),F16,MIN(G16,K16+IF(E16="s",Reglas!$C$7,Reglas!$C$6)))) | N16: =IF(M16="","",IF(AND(M16>=G16,K16>=G16),F16,MIN(G16,M16+IF(E16="s",Reglas!$C$7,Reglas!$C$6)))) | P16: =IF(O16="","",IF(AND(O16>=G16,M16>=G16),F16,MIN(G16,O16+IF(E16="s",Reglas!$C$7,Reglas!$C$6)))) | R16: =IF(Q16="","",IF(AND(Q16>=G16,O16>=G16),F16,MIN(G16,Q16+IF(E16="s",Reglas!$C$7,Reglas!$C$6)))) | T16: =IF(S16<>"",S16,IF(Q16<>"",Q16,IF(O16<>"",O16,IF(M16<>"",M16,IF(K16<>"",K16,IF(I16<>"",I16,"")))))) | U16: =IF(B16="hold final","al fallo",IF(T16="",F16&" (piso)",IF(AND(T16>=G16,IF(AND(S16<>"",TRUE()),Q16,IF(AND(Q16<>"",S16=""),O16,IF(AND(O16<>"",Q16=""),M16,IF(AND(M16<>"",O16=""),K16,IF(AND(K16<>"",M16=""),I16,0)))))>=G16),F16&" (piso, progresión nueva)",MIN(G16,T16+IF(E16="s",Reglas!$C$7,Reglas!$C$6))))) -> 3 (piso) | V16: =IF(B16="hold final","",IF(T16="","sin datos",IF(AND(T16>=G16,IF(AND(S16<>"",TRUE()),Q16,IF(AND(Q16<>"",S16=""),O16,IF(AND(O16<>"",Q16=""),M16,IF(AND(M16<>"",O16=""),K16,IF(AND(K16<>"",M16=""),I16,0)))))>=G16),"⬆ SUBIR de progresión",IF(T16>=G16,"techo 1 de 2",IF(T16<F16,"bajo el piso: revisar","en rango"))))) -> sin datos | W16: =IF(AND(I16<>"",H16<>""),IF(I16>=H16,1,0),0)+IF(AND(K16<>"",J16<>""),IF(K16>=J16,1,0),0)+IF(AND(M16<>"",L16<>""),IF(M16>=L16,1,0),0)+IF(AND(O16<>"",N16<>""),IF(O16>=N16,1,0),0)+IF(AND(Q16<>"",P16<>""),IF(Q16>=P16,1,0),0)+IF(AND(S16<>"",R16<>""),IF(S16>=R16,1,0),0) -> 0 | X16: =IF(AND(I16<>"",H16<>""),1,0)+IF(AND(K16<>"",J16<>""),1,0)+IF(AND(M16<>"",L16<>""),1,0)+IF(AND(O16<>"",N16<>""),1,0)+IF(AND(Q16<>"",P16<>""),1,0)+IF(AND(S16<>"",R16<>""),1,0) -> 0 | Y16: =IF(X16=0,"",W16/X16) | Z16: =IF(X16=0,"",(IF(AND(I16<>"",H16<>""),I16-H16,0)+IF(AND(K16<>"",J16<>""),K16-J16,0)+IF(AND(M16<>"",L16<>""),M16-L16,0)+IF(AND(O16<>"",N16<>""),O16-N16,0)+IF(AND(Q16<>"",P16<>""),Q16-P16,0)+IF(AND(S16<>"",R16<>""),S16-R16,0))/X16)
B17: E3 | C17: a lean | D17: completa | E17: reps | F17: =IF(E17="reps",3,4) -> 3 | G17: =IF(E17="reps",8,12) -> 8 | H17: =F17 -> 3 | J17: =IF(I17="","",IF(FALSE(),F17,MIN(G17,I17+IF(E17="s",Reglas!$C$7,Reglas!$C$6)))) | L17: =IF(K17="","",IF(AND(K17>=G17,I17>=G17),F17,MIN(G17,K17+IF(E17="s",Reglas!$C$7,Reglas!$C$6)))) | N17: =IF(M17="","",IF(AND(M17>=G17,K17>=G17),F17,MIN(G17,M17+IF(E17="s",Reglas!$C$7,Reglas!$C$6)))) | P17: =IF(O17="","",IF(AND(O17>=G17,M17>=G17),F17,MIN(G17,O17+IF(E17="s",Reglas!$C$7,Reglas!$C$6)))) | R17: =IF(Q17="","",IF(AND(Q17>=G17,O17>=G17),F17,MIN(G17,Q17+IF(E17="s",Reglas!$C$7,Reglas!$C$6)))) | T17: =IF(S17<>"",S17,IF(Q17<>"",Q17,IF(O17<>"",O17,IF(M17<>"",M17,IF(K17<>"",K17,IF(I17<>"",I17,"")))))) | U17: =IF(B17="hold final","al fallo",IF(T17="",F17&" (piso)",IF(AND(T17>=G17,IF(AND(S17<>"",TRUE()),Q17,IF(AND(Q17<>"",S17=""),O17,IF(AND(O17<>"",Q17=""),M17,IF(AND(M17<>"",O17=""),K17,IF(AND(K17<>"",M17=""),I17,0)))))>=G17),F17&" (piso, progresión nueva)",MIN(G17,T17+IF(E17="s",Reglas!$C$7,Reglas!$C$6))))) -> 3 (piso) | V17: =IF(B17="hold final","",IF(T17="","sin datos",IF(AND(T17>=G17,IF(AND(S17<>"",TRUE()),Q17,IF(AND(Q17<>"",S17=""),O17,IF(AND(O17<>"",Q17=""),M17,IF(AND(M17<>"",O17=""),K17,IF(AND(K17<>"",M17=""),I17,0)))))>=G17),"⬆ SUBIR de progresión",IF(T17>=G17,"techo 1 de 2",IF(T17<F17,"bajo el piso: revisar","en rango"))))) -> sin datos | W17: =IF(AND(I17<>"",H17<>""),IF(I17>=H17,1,0),0)+IF(AND(K17<>"",J17<>""),IF(K17>=J17,1,0),0)+IF(AND(M17<>"",L17<>""),IF(M17>=L17,1,0),0)+IF(AND(O17<>"",N17<>""),IF(O17>=N17,1,0),0)+IF(AND(Q17<>"",P17<>""),IF(Q17>=P17,1,0),0)+IF(AND(S17<>"",R17<>""),IF(S17>=R17,1,0),0) -> 0 | X17: =IF(AND(I17<>"",H17<>""),1,0)+IF(AND(K17<>"",J17<>""),1,0)+IF(AND(M17<>"",L17<>""),1,0)+IF(AND(O17<>"",N17<>""),1,0)+IF(AND(Q17<>"",P17<>""),1,0)+IF(AND(S17<>"",R17<>""),1,0) -> 0 | Y17: =IF(X17=0,"",W17/X17) | Z17: =IF(X17=0,"",(IF(AND(I17<>"",H17<>""),I17-H17,0)+IF(AND(K17<>"",J17<>""),K17-J17,0)+IF(AND(M17<>"",L17<>""),M17-L17,0)+IF(AND(O17<>"",N17<>""),O17-N17,0)+IF(AND(Q17<>"",P17<>""),Q17-P17,0)+IF(AND(S17<>"",R17<>""),S17-R17,0))/X17)
B18: hold final | C18: a tuck | D18: hold | E18: s | F18: =IF(E18="reps",3,4) -> 4 | G18: =IF(E18="reps",8,12) -> 12 | H18: al fallo | J18: al fallo | L18: al fallo | N18: al fallo | P18: al fallo | R18: al fallo | T18: =IF(S18<>"",S18,IF(Q18<>"",Q18,IF(O18<>"",O18,IF(M18<>"",M18,IF(K18<>"",K18,IF(I18<>"",I18,"")))))) | U18: =IF(B18="hold final","al fallo",IF(T18="",F18&" (piso)",IF(AND(T18>=G18,IF(AND(S18<>"",TRUE()),Q18,IF(AND(Q18<>"",S18=""),O18,IF(AND(O18<>"",Q18=""),M18,IF(AND(M18<>"",O18=""),K18,IF(AND(K18<>"",M18=""),I18,0)))))>=G18),F18&" (piso, progresión nueva)",MIN(G18,T18+IF(E18="s",Reglas!$C$7,Reglas!$C$6))))) -> al fallo | V18: =IF(B18="hold final","",IF(T18="","sin datos",IF(AND(T18>=G18,IF(AND(S18<>"",TRUE()),Q18,IF(AND(Q18<>"",S18=""),O18,IF(AND(O18<>"",Q18=""),M18,IF(AND(M18<>"",O18=""),K18,IF(AND(K18<>"",M18=""),I18,0)))))>=G18),"⬆ SUBIR de progresión",IF(T18>=G18,"techo 1 de 2",IF(T18<F18,"bajo el piso: revisar","en rango")))))

Sheet Front
A1: CONQUER · Rutina Mati y Nach
A2: FRONT
A3: · Amarillo = lo completás vos (progresión, modo, Real). Gris = predicción.
A4: Ejercicio | B4: Escalón | C4: Progresión | D4: Modo | E4: Tipo | F4: Piso | G4: Techo | H4: S1 prev | I4: S1 real | J4: S2 prev | K4: S2 real | L4: S3 prev | M4: S3 real | N4: S4 prev | O4: S4 real | P4: S5 prev | Q4: S5 real | R4: S6 prev | S4: S6 real | T4: Última | U4: Próximo (S7 prev) | V4: Estado | W4: Aciertos | X4: Sesiones | Y4: % acierto | Z4: Δ medio
A5: Front lever hold | B5: E1 | C5: full | D5: hold | E5: s | F5: =IF(E5="reps",3,4) -> 4 | G5: =IF(E5="reps",8,12) -> 12 | H5: =F5 -> 4 | J5: =IF(I5="","",IF(FALSE(),F5,MIN(G5,I5+IF(E5="s",Reglas!$C$7,Reglas!$C$6)))) | L5: =IF(K5="","",IF(AND(K5>=G5,I5>=G5),F5,MIN(G5,K5+IF(E5="s",Reglas!$C$7,Reglas!$C$6)))) | N5: =IF(M5="","",IF(AND(M5>=G5,K5>=G5),F5,MIN(G5,M5+IF(E5="s",Reglas!$C$7,Reglas!$C$6)))) | P5: =IF(O5="","",IF(AND(O5>=G5,M5>=G5),F5,MIN(G5,O5+IF(E5="s",Reglas!$C$7,Reglas!$C$6)))) | R5: =IF(Q5="","",IF(AND(Q5>=G5,O5>=G5),F5,MIN(G5,Q5+IF(E5="s",Reglas!$C$7,Reglas!$C$6)))) | T5: =IF(S5<>"",S5,IF(Q5<>"",Q5,IF(O5<>"",O5,IF(M5<>"",M5,IF(K5<>"",K5,IF(I5<>"",I5,"")))))) | U5: =IF(B5="hold final","al fallo",IF(T5="",F5&" (piso)",IF(AND(T5>=G5,IF(AND(S5<>"",TRUE()),Q5,IF(AND(Q5<>"",S5=""),O5,IF(AND(O5<>"",Q5=""),M5,IF(AND(M5<>"",O5=""),K5,IF(AND(K5<>"",M5=""),I5,0)))))>=G5),F5&" (piso, progresión nueva)",MIN(G5,T5+IF(E5="s",Reglas!$C$7,Reglas!$C$6))))) -> 4 (piso) | V5: =IF(B5="hold final","",IF(T5="","sin datos",IF(AND(T5>=G5,IF(AND(S5<>"",TRUE()),Q5,IF(AND(Q5<>"",S5=""),O5,IF(AND(O5<>"",Q5=""),M5,IF(AND(M5<>"",O5=""),K5,IF(AND(K5<>"",M5=""),I5,0)))))>=G5),"⬆ SUBIR de progresión",IF(T5>=G5,"techo 1 de 2",IF(T5<F5,"bajo el piso: revisar","en rango"))))) -> sin datos | W5: =IF(AND(I5<>"",H5<>""),IF(I5>=H5,1,0),0)+IF(AND(K5<>"",J5<>""),IF(K5>=J5,1,0),0)+IF(AND(M5<>"",L5<>""),IF(M5>=L5,1,0),0)+IF(AND(O5<>"",N5<>""),IF(O5>=N5,1,0),0)+IF(AND(Q5<>"",P5<>""),IF(Q5>=P5,1,0),0)+IF(AND(S5<>"",R5<>""),IF(S5>=R5,1,0),0) -> 0 | X5: =IF(AND(I5<>"",H5<>""),1,0)+IF(AND(K5<>"",J5<>""),1,0)+IF(AND(M5<>"",L5<>""),1,0)+IF(AND(O5<>"",N5<>""),1,0)+IF(AND(Q5<>"",P5<>""),1,0)+IF(AND(S5<>"",R5<>""),1,0) -> 0 | Y5: =IF(X5=0,"",W5/X5) | Z5: =IF(X5=0,"",(IF(AND(I5<>"",H5<>""),I5-H5,0)+IF(AND(K5<>"",J5<>""),K5-J5,0)+IF(AND(M5<>"",L5<>""),M5-L5,0)+IF(AND(O5<>"",N5<>""),O5-N5,0)+IF(AND(Q5<>"",P5<>""),Q5-P5,0)+IF(AND(S5<>"",R5<>""),S5-R5,0))/X5)
B6: E2 | C6: straddle | D6: hold | E6: s | F6: =IF(E6="reps",3,4) -> 4 | G6: =IF(E6="reps",8,12) -> 12 | H6: =F6 -> 4 | J6: =IF(I6="","",IF(FALSE(),F6,MIN(G6,I6+IF(E6="s",Reglas!$C$7,Reglas!$C$6)))) | L6: =IF(K6="","",IF(AND(K6>=G6,I6>=G6),F6,MIN(G6,K6+IF(E6="s",Reglas!$C$7,Reglas!$C$6)))) | N6: =IF(M6="","",IF(AND(M6>=G6,K6>=G6),F6,MIN(G6,M6+IF(E6="s",Reglas!$C$7,Reglas!$C$6)))) | P6: =IF(O6="","",IF(AND(O6>=G6,M6>=G6),F6,MIN(G6,O6+IF(E6="s",Reglas!$C$7,Reglas!$C$6)))) | R6: =IF(Q6="","",IF(AND(Q6>=G6,O6>=G6),F6,MIN(G6,Q6+IF(E6="s",Reglas!$C$7,Reglas!$C$6)))) | T6: =IF(S6<>"",S6,IF(Q6<>"",Q6,IF(O6<>"",O6,IF(M6<>"",M6,IF(K6<>"",K6,IF(I6<>"",I6,"")))))) | U6: =IF(B6="hold final","al fallo",IF(T6="",F6&" (piso)",IF(AND(T6>=G6,IF(AND(S6<>"",TRUE()),Q6,IF(AND(Q6<>"",S6=""),O6,IF(AND(O6<>"",Q6=""),M6,IF(AND(M6<>"",O6=""),K6,IF(AND(K6<>"",M6=""),I6,0)))))>=G6),F6&" (piso, progresión nueva)",MIN(G6,T6+IF(E6="s",Reglas!$C$7,Reglas!$C$6))))) -> 4 (piso) | V6: =IF(B6="hold final","",IF(T6="","sin datos",IF(AND(T6>=G6,IF(AND(S6<>"",TRUE()),Q6,IF(AND(Q6<>"",S6=""),O6,IF(AND(O6<>"",Q6=""),M6,IF(AND(M6<>"",O6=""),K6,IF(AND(K6<>"",M6=""),I6,0)))))>=G6),"⬆ SUBIR de progresión",IF(T6>=G6,"techo 1 de 2",IF(T6<F6,"bajo el piso: revisar","en rango"))))) -> sin datos | W6: =IF(AND(I6<>"",H6<>""),IF(I6>=H6,1,0),0)+IF(AND(K6<>"",J6<>""),IF(K6>=J6,1,0),0)+IF(AND(M6<>"",L6<>""),IF(M6>=L6,1,0),0)+IF(AND(O6<>"",N6<>""),IF(O6>=N6,1,0),0)+IF(AND(Q6<>"",P6<>""),IF(Q6>=P6,1,0),0)+IF(AND(S6<>"",R6<>""),IF(S6>=R6,1,0),0) -> 0 | X6: =IF(AND(I6<>"",H6<>""),1,0)+IF(AND(K6<>"",J6<>""),1,0)+IF(AND(M6<>"",L6<>""),1,0)+IF(AND(O6<>"",N6<>""),1,0)+IF(AND(Q6<>"",P6<>""),1,0)+IF(AND(S6<>"",R6<>""),1,0) -> 0 | Y6: =IF(X6=0,"",W6/X6) | Z6: =IF(X6=0,"",(IF(AND(I6<>"",H6<>""),I6-H6,0)+IF(AND(K6<>"",J6<>""),K6-J6,0)+IF(AND(M6<>"",L6<>""),M6-L6,0)+IF(AND(O6<>"",N6<>""),O6-N6,0)+IF(AND(Q6<>"",P6<>""),Q6-P6,0)+IF(AND(S6<>"",R6<>""),S6-R6,0))/X6)
B7: E3 | C7: adv tuck | D7: hold | E7: s | F7: =IF(E7="reps",3,4) -> 4 | G7: =IF(E7="reps",8,12) -> 12 | H7: =F7 -> 4 | J7: =IF(I7="","",IF(FALSE(),F7,MIN(G7,I7+IF(E7="s",Reglas!$C$7,Reglas!$C$6)))) | L7: =IF(K7="","",IF(AND(K7>=G7,I7>=G7),F7,MIN(G7,K7+IF(E7="s",Reglas!$C$7,Reglas!$C$6)))) | N7: =IF(M7="","",IF(AND(M7>=G7,K7>=G7),F7,MIN(G7,M7+IF(E7="s",Reglas!$C$7,Reglas!$C$6)))) | P7: =IF(O7="","",IF(AND(O7>=G7,M7>=G7),F7,MIN(G7,O7+IF(E7="s",Reglas!$C$7,Reglas!$C$6)))) | R7: =IF(Q7="","",IF(AND(Q7>=G7,O7>=G7),F7,MIN(G7,Q7+IF(E7="s",Reglas!$C$7,Reglas!$C$6)))) | T7: =IF(S7<>"",S7,IF(Q7<>"",Q7,IF(O7<>"",O7,IF(M7<>"",M7,IF(K7<>"",K7,IF(I7<>"",I7,"")))))) | U7: =IF(B7="hold final","al fallo",IF(T7="",F7&" (piso)",IF(AND(T7>=G7,IF(AND(S7<>"",TRUE()),Q7,IF(AND(Q7<>"",S7=""),O7,IF(AND(O7<>"",Q7=""),M7,IF(AND(M7<>"",O7=""),K7,IF(AND(K7<>"",M7=""),I7,0)))))>=G7),F7&" (piso, progresión nueva)",MIN(G7,T7+IF(E7="s",Reglas!$C$7,Reglas!$C$6))))) -> 4 (piso) | V7: =IF(B7="hold final","",IF(T7="","sin datos",IF(AND(T7>=G7,IF(AND(S7<>"",TRUE()),Q7,IF(AND(Q7<>"",S7=""),O7,IF(AND(O7<>"",Q7=""),M7,IF(AND(M7<>"",O7=""),K7,IF(AND(K7<>"",M7=""),I7,0)))))>=G7),"⬆ SUBIR de progresión",IF(T7>=G7,"techo 1 de 2",IF(T7<F7,"bajo el piso: revisar","en rango"))))) -> sin datos | W7: =IF(AND(I7<>"",H7<>""),IF(I7>=H7,1,0),0)+IF(AND(K7<>"",J7<>""),IF(K7>=J7,1,0),0)+IF(AND(M7<>"",L7<>""),IF(M7>=L7,1,0),0)+IF(AND(O7<>"",N7<>""),IF(O7>=N7,1,0),0)+IF(AND(Q7<>"",P7<>""),IF(Q7>=P7,1,0),0)+IF(AND(S7<>"",R7<>""),IF(S7>=R7,1,0),0) -> 0 | X7: =IF(AND(I7<>"",H7<>""),1,0)+IF(AND(K7<>"",J7<>""),1,0)+IF(AND(M7<>"",L7<>""),1,0)+IF(AND(O7<>"",N7<>""),1,0)+IF(AND(Q7<>"",P7<>""),1,0)+IF(AND(S7<>"",R7<>""),1,0) -> 0 | Y7: =IF(X7=0,"",W7/X7) | Z7: =IF(X7=0,"",(IF(AND(I7<>"",H7<>""),I7-H7,0)+IF(AND(K7<>"",J7<>""),K7-J7,0)+IF(AND(M7<>"",L7<>""),M7-L7,0)+IF(AND(O7<>"",N7<>""),O7-N7,0)+IF(AND(Q7<>"",P7<>""),Q7-P7,0)+IF(AND(S7<>"",R7<>""),S7-R7,0))/X7)
B8: hold final | C8: tuck | D8: hold | E8: s | F8: =IF(E8="reps",3,4) -> 4 | G8: =IF(E8="reps",8,12) -> 12 | H8: al fallo | J8: al fallo | L8: al fallo | N8: al fallo | P8: al fallo | R8: al fallo | T8: =IF(S8<>"",S8,IF(Q8<>"",Q8,IF(O8<>"",O8,IF(M8<>"",M8,IF(K8<>"",K8,IF(I8<>"",I8,"")))))) | U8: =IF(B8="hold final","al fallo",IF(T8="",F8&" (piso)",IF(AND(T8>=G8,IF(AND(S8<>"",TRUE()),Q8,IF(AND(Q8<>"",S8=""),O8,IF(AND(O8<>"",Q8=""),M8,IF(AND(M8<>"",O8=""),K8,IF(AND(K8<>"",M8=""),I8,0)))))>=G8),F8&" (piso, progresión nueva)",MIN(G8,T8+IF(E8="s",Reglas!$C$7,Reglas!$C$6))))) -> al fallo | V8: =IF(B8="hold final","",IF(T8="","sin datos",IF(AND(T8>=G8,IF(AND(S8<>"",TRUE()),Q8,IF(AND(Q8<>"",S8=""),O8,IF(AND(O8<>"",Q8=""),M8,IF(AND(M8<>"",O8=""),K8,IF(AND(K8<>"",M8=""),I8,0)))))>=G8),"⬆ SUBIR de progresión",IF(T8>=G8,"techo 1 de 2",IF(T8<F8,"bajo el piso: revisar","en rango")))))
A10: Pull-ups en FL | B10: E1 | C10: adv tuck | D10: completa | E10: reps | F10: =IF(E10="reps",3,4) -> 3 | G10: =IF(E10="reps",8,12) -> 8 | H10: =F10 -> 3 | J10: =IF(I10="","",IF(FALSE(),F10,MIN(G10,I10+IF(E10="s",Reglas!$C$7,Reglas!$C$6)))) | L10: =IF(K10="","",IF(AND(K10>=G10,I10>=G10),F10,MIN(G10,K10+IF(E10="s",Reglas!$C$7,Reglas!$C$6)))) | N10: =IF(M10="","",IF(AND(M10>=G10,K10>=G10),F10,MIN(G10,M10+IF(E10="s",Reglas!$C$7,Reglas!$C$6)))) | P10: =IF(O10="","",IF(AND(O10>=G10,M10>=G10),F10,MIN(G10,O10+IF(E10="s",Reglas!$C$7,Reglas!$C$6)))) | R10: =IF(Q10="","",IF(AND(Q10>=G10,O10>=G10),F10,MIN(G10,Q10+IF(E10="s",Reglas!$C$7,Reglas!$C$6)))) | T10: =IF(S10<>"",S10,IF(Q10<>"",Q10,IF(O10<>"",O10,IF(M10<>"",M10,IF(K10<>"",K10,IF(I10<>"",I10,"")))))) | U10: =IF(B10="hold final","al fallo",IF(T10="",F10&" (piso)",IF(AND(T10>=G10,IF(AND(S10<>"",TRUE()),Q10,IF(AND(Q10<>"",S10=""),O10,IF(AND(O10<>"",Q10=""),M10,IF(AND(M10<>"",O10=""),K10,IF(AND(K10<>"",M10=""),I10,0)))))>=G10),F10&" (piso, progresión nueva)",MIN(G10,T10+IF(E10="s",Reglas!$C$7,Reglas!$C$6))))) -> 3 (piso) | V10: =IF(B10="hold final","",IF(T10="","sin datos",IF(AND(T10>=G10,IF(AND(S10<>"",TRUE()),Q10,IF(AND(Q10<>"",S10=""),O10,IF(AND(O10<>"",Q10=""),M10,IF(AND(M10<>"",O10=""),K10,IF(AND(K10<>"",M10=""),I10,0)))))>=G10),"⬆ SUBIR de progresión",IF(T10>=G10,"techo 1 de 2",IF(T10<F10,"bajo el piso: revisar","en rango"))))) -> sin datos | W10: =IF(AND(I10<>"",H10<>""),IF(I10>=H10,1,0),0)+IF(AND(K10<>"",J10<>""),IF(K10>=J10,1,0),0)+IF(AND(M10<>"",L10<>""),IF(M10>=L10,1,0),0)+IF(AND(O10<>"",N10<>""),IF(O10>=N10,1,0),0)+IF(AND(Q10<>"",P10<>""),IF(Q10>=P10,1,0),0)+IF(AND(S10<>"",R10<>""),IF(S10>=R10,1,0),0) -> 0 | X10: =IF(AND(I10<>"",H10<>""),1,0)+IF(AND(K10<>"",J10<>""),1,0)+IF(AND(M10<>"",L10<>""),1,0)+IF(AND(O10<>"",N10<>""),1,0)+IF(AND(Q10<>"",P10<>""),1,0)+IF(AND(S10<>"",R10<>""),1,0) -> 0 | Y10: =IF(X10=0,"",W10/X10) | Z10: =IF(X10=0,"",(IF(AND(I10<>"",H10<>""),I10-H10,0)+IF(AND(K10<>"",J10<>""),K10-J10,0)+IF(AND(M10<>"",L10<>""),M10-L10,0)+IF(AND(O10<>"",N10<>""),O10-N10,0)+IF(AND(Q10<>"",P10<>""),Q10-P10,0)+IF(AND(S10<>"",R10<>""),S10-R10,0))/X10)
B11: E2 | C11: adv tuck | D11: negativa | E11: reps | F11: =IF(E11="reps",3,4) -> 3 | G11: =IF(E11="reps",8,12) -> 8 | H11: =F11 -> 3 | J11: =IF(I11="","",IF(FALSE(),F11,MIN(G11,I11+IF(E11="s",Reglas!$C$7,Reglas!$C$6)))) | L11: =IF(K11="","",IF(AND(K11>=G11,I11>=G11),F11,MIN(G11,K11+IF(E11="s",Reglas!$C$7,Reglas!$C$6)))) | N11: =IF(M11="","",IF(AND(M11>=G11,K11>=G11),F11,MIN(G11,M11+IF(E11="s",Reglas!$C$7,Reglas!$C$6)))) | P11: =IF(O11="","",IF(AND(O11>=G11,M11>=G11),F11,MIN(G11,O11+IF(E11="s",Reglas!$C$7,Reglas!$C$6)))) | R11: =IF(Q11="","",IF(AND(Q11>=G11,O11>=G11),F11,MIN(G11,Q11+IF(E11="s",Reglas!$C$7,Reglas!$C$6)))) | T11: =IF(S11<>"",S11,IF(Q11<>"",Q11,IF(O11<>"",O11,IF(M11<>"",M11,IF(K11<>"",K11,IF(I11<>"",I11,"")))))) | U11: =IF(B11="hold final","al fallo",IF(T11="",F11&" (piso)",IF(AND(T11>=G11,IF(AND(S11<>"",TRUE()),Q11,IF(AND(Q11<>"",S11=""),O11,IF(AND(O11<>"",Q11=""),M11,IF(AND(M11<>"",O11=""),K11,IF(AND(K11<>"",M11=""),I11,0)))))>=G11),F11&" (piso, progresión nueva)",MIN(G11,T11+IF(E11="s",Reglas!$C$7,Reglas!$C$6))))) -> 3 (piso) | V11: =IF(B11="hold final","",IF(T11="","sin datos",IF(AND(T11>=G11,IF(AND(S11<>"",TRUE()),Q11,IF(AND(Q11<>"",S11=""),O11,IF(AND(O11<>"",Q11=""),M11,IF(AND(M11<>"",O11=""),K11,IF(AND(K11<>"",M11=""),I11,0)))))>=G11),"⬆ SUBIR de progresión",IF(T11>=G11,"techo 1 de 2",IF(T11<F11,"bajo el piso: revisar","en rango"))))) -> sin datos | W11: =IF(AND(I11<>"",H11<>""),IF(I11>=H11,1,0),0)+IF(AND(K11<>"",J11<>""),IF(K11>=J11,1,0),0)+IF(AND(M11<>"",L11<>""),IF(M11>=L11,1,0),0)+IF(AND(O11<>"",N11<>""),IF(O11>=N11,1,0),0)+IF(AND(Q11<>"",P11<>""),IF(Q11>=P11,1,0),0)+IF(AND(S11<>"",R11<>""),IF(S11>=R11,1,0),0) -> 0 | X11: =IF(AND(I11<>"",H11<>""),1,0)+IF(AND(K11<>"",J11<>""),1,0)+IF(AND(M11<>"",L11<>""),1,0)+IF(AND(O11<>"",N11<>""),1,0)+IF(AND(Q11<>"",P11<>""),1,0)+IF(AND(S11<>"",R11<>""),1,0) -> 0 | Y11: =IF(X11=0,"",W11/X11) | Z11: =IF(X11=0,"",(IF(AND(I11<>"",H11<>""),I11-H11,0)+IF(AND(K11<>"",J11<>""),K11-J11,0)+IF(AND(M11<>"",L11<>""),M11-L11,0)+IF(AND(O11<>"",N11<>""),O11-N11,0)+IF(AND(Q11<>"",P11<>""),Q11-P11,0)+IF(AND(S11<>"",R11<>""),S11-R11,0))/X11)
B12: E3 | C12: tuck | D12: completa | E12: reps | F12: =IF(E12="reps",3,4) -> 3 | G12: =IF(E12="reps",8,12) -> 8 | H12: =F12 -> 3 | J12: =IF(I12="","",IF(FALSE(),F12,MIN(G12,I12+IF(E12="s",Reglas!$C$7,Reglas!$C$6)))) | L12: =IF(K12="","",IF(AND(K12>=G12,I12>=G12),F12,MIN(G12,K12+IF(E12="s",Reglas!$C$7,Reglas!$C$6)))) | N12: =IF(M12="","",IF(AND(M12>=G12,K12>=G12),F12,MIN(G12,M12+IF(E12="s",Reglas!$C$7,Reglas!$C$6)))) | P12: =IF(O12="","",IF(AND(O12>=G12,M12>=G12),F12,MIN(G12,O12+IF(E12="s",Reglas!$C$7,Reglas!$C$6)))) | R12: =IF(Q12="","",IF(AND(Q12>=G12,O12>=G12),F12,MIN(G12,Q12+IF(E12="s",Reglas!$C$7,Reglas!$C$6)))) | T12: =IF(S12<>"",S12,IF(Q12<>"",Q12,IF(O12<>"",O12,IF(M12<>"",M12,IF(K12<>"",K12,IF(I12<>"",I12,"")))))) | U12: =IF(B12="hold final","al fallo",IF(T12="",F12&" (piso)",IF(AND(T12>=G12,IF(AND(S12<>"",TRUE()),Q12,IF(AND(Q12<>"",S12=""),O12,IF(AND(O12<>"",Q12=""),M12,IF(AND(M12<>"",O12=""),K12,IF(AND(K12<>"",M12=""),I12,0)))))>=G12),F12&" (piso, progresión nueva)",MIN(G12,T12+IF(E12="s",Reglas!$C$7,Reglas!$C$6))))) -> 3 (piso) | V12: =IF(B12="hold final","",IF(T12="","sin datos",IF(AND(T12>=G12,IF(AND(S12<>"",TRUE()),Q12,IF(AND(Q12<>"",S12=""),O12,IF(AND(O12<>"",Q12=""),M12,IF(AND(M12<>"",O12=""),K12,IF(AND(K12<>"",M12=""),I12,0)))))>=G12),"⬆ SUBIR de progresión",IF(T12>=G12,"techo 1 de 2",IF(T12<F12,"bajo el piso: revisar","en rango"))))) -> sin datos | W12: =IF(AND(I12<>"",H12<>""),IF(I12>=H12,1,0),0)+IF(AND(K12<>"",J12<>""),IF(K12>=J12,1,0),0)+IF(AND(M12<>"",L12<>""),IF(M12>=L12,1,0),0)+IF(AND(O12<>"",N12<>""),IF(O12>=N12,1,0),0)+IF(AND(Q12<>"",P12<>""),IF(Q12>=P12,1,0),0)+IF(AND(S12<>"",R12<>""),IF(S12>=R12,1,0),0) -> 0 | X12: =IF(AND(I12<>"",H12<>""),1,0)+IF(AND(K12<>"",J12<>""),1,0)+IF(AND(M12<>"",L12<>""),1,0)+IF(AND(O12<>"",N12<>""),1,0)+IF(AND(Q12<>"",P12<>""),1,0)+IF(AND(S12<>"",R12<>""),1,0) -> 0 | Y12: =IF(X12=0,"",W12/X12) | Z12: =IF(X12=0,"",(IF(AND(I12<>"",H12<>""),I12-H12,0)+IF(AND(K12<>"",J12<>""),K12-J12,0)+IF(AND(M12<>"",L12<>""),M12-L12,0)+IF(AND(O12<>"",N12<>""),O12-N12,0)+IF(AND(Q12<>"",P12<>""),Q12-P12,0)+IF(AND(S12<>"",R12<>""),S12-R12,0))/X12)
B13: hold final | C13: tuck | D13: hold | E13: s | F13: =IF(E13="reps",3,4) -> 4 | G13: =IF(E13="reps",8,12) -> 12 | H13: al fallo | J13: al fallo | L13: al fallo | N13: al fallo | P13: al fallo | R13: al fallo | T13: =IF(S13<>"",S13,IF(Q13<>"",Q13,IF(O13<>"",O13,IF(M13<>"",M13,IF(K13<>"",K13,IF(I13<>"",I13,"")))))) | U13: =IF(B13="hold final","al fallo",IF(T13="",F13&" (piso)",IF(AND(T13>=G13,IF(AND(S13<>"",TRUE()),Q13,IF(AND(Q13<>"",S13=""),O13,IF(AND(O13<>"",Q13=""),M13,IF(AND(M13<>"",O13=""),K13,IF(AND(K13<>"",M13=""),I13,0)))))>=G13),F13&" (piso, progresión nueva)",MIN(G13,T13+IF(E13="s",Reglas!$C$7,Reglas!$C$6))))) -> al fallo | V13: =IF(B13="hold final","",IF(T13="","sin datos",IF(AND(T13>=G13,IF(AND(S13<>"",TRUE()),Q13,IF(AND(Q13<>"",S13=""),O13,IF(AND(O13<>"",Q13=""),M13,IF(AND(M13<>"",O13=""),K13,IF(AND(K13<>"",M13=""),I13,0)))))>=G13),"⬆ SUBIR de progresión",IF(T13>=G13,"techo 1 de 2",IF(T13<F13,"bajo el piso: revisar","en rango")))))
A15: FL raises | B15: E1 | C15: straddle | D15: completa | E15: reps | F15: =IF(E15="reps",3,4) -> 3 | G15: =IF(E15="reps",8,12) -> 8 | H15: =F15 -> 3 | J15: =IF(I15="","",IF(FALSE(),F15,MIN(G15,I15+IF(E15="s",Reglas!$C$7,Reglas!$C$6)))) | L15: =IF(K15="","",IF(AND(K15>=G15,I15>=G15),F15,MIN(G15,K15+IF(E15="s",Reglas!$C$7,Reglas!$C$6)))) | N15: =IF(M15="","",IF(AND(M15>=G15,K15>=G15),F15,MIN(G15,M15+IF(E15="s",Reglas!$C$7,Reglas!$C$6)))) | P15: =IF(O15="","",IF(AND(O15>=G15,M15>=G15),F15,MIN(G15,O15+IF(E15="s",Reglas!$C$7,Reglas!$C$6)))) | R15: =IF(Q15="","",IF(AND(Q15>=G15,O15>=G15),F15,MIN(G15,Q15+IF(E15="s",Reglas!$C$7,Reglas!$C$6)))) | T15: =IF(S15<>"",S15,IF(Q15<>"",Q15,IF(O15<>"",O15,IF(M15<>"",M15,IF(K15<>"",K15,IF(I15<>"",I15,"")))))) | U15: =IF(B15="hold final","al fallo",IF(T15="",F15&" (piso)",IF(AND(T15>=G15,IF(AND(S15<>"",TRUE()),Q15,IF(AND(Q15<>"",S15=""),O15,IF(AND(O15<>"",Q15=""),M15,IF(AND(M15<>"",O15=""),K15,IF(AND(K15<>"",M15=""),I15,0)))))>=G15),F15&" (piso, progresión nueva)",MIN(G15,T15+IF(E15="s",Reglas!$C$7,Reglas!$C$6))))) -> 3 (piso) | V15: =IF(B15="hold final","",IF(T15="","sin datos",IF(AND(T15>=G15,IF(AND(S15<>"",TRUE()),Q15,IF(AND(Q15<>"",S15=""),O15,IF(AND(O15<>"",Q15=""),M15,IF(AND(M15<>"",O15=""),K15,IF(AND(K15<>"",M15=""),I15,0)))))>=G15),"⬆ SUBIR de progresión",IF(T15>=G15,"techo 1 de 2",IF(T15<F15,"bajo el piso: revisar","en rango"))))) -> sin datos | W15: =IF(AND(I15<>"",H15<>""),IF(I15>=H15,1,0),0)+IF(AND(K15<>"",J15<>""),IF(K15>=J15,1,0),0)+IF(AND(M15<>"",L15<>""),IF(M15>=L15,1,0),0)+IF(AND(O15<>"",N15<>""),IF(O15>=N15,1,0),0)+IF(AND(Q15<>"",P15<>""),IF(Q15>=P15,1,0),0)+IF(AND(S15<>"",R15<>""),IF(S15>=R15,1,0),0) -> 0 | X15: =IF(AND(I15<>"",H15<>""),1,0)+IF(AND(K15<>"",J15<>""),1,0)+IF(AND(M15<>"",L15<>""),1,0)+IF(AND(O15<>"",N15<>""),1,0)+IF(AND(Q15<>"",P15<>""),1,0)+IF(AND(S15<>"",R15<>""),1,0) -> 0 | Y15: =IF(X15=0,"",W15/X15) | Z15: =IF(X15=0,"",(IF(AND(I15<>"",H15<>""),I15-H15,0)+IF(AND(K15<>"",J15<>""),K15-J15,0)+IF(AND(M15<>"",L15<>""),M15-L15,0)+IF(AND(O15<>"",N15<>""),O15-N15,0)+IF(AND(Q15<>"",P15<>""),Q15-P15,0)+IF(AND(S15<>"",R15<>""),S15-R15,0))/X15)
B16: E2 | C16: straddle | D16: negativa | E16: reps | F16: =IF(E16="reps",3,4) -> 3 | G16: =IF(E16="reps",8,12) -> 8 | H16: =F16 -> 3 | J16: =IF(I16="","",IF(FALSE(),F16,MIN(G16,I16+IF(E16="s",Reglas!$C$7,Reglas!$C$6)))) | L16: =IF(K16="","",IF(AND(K16>=G16,I16>=G16),F16,MIN(G16,K16+IF(E16="s",Reglas!$C$7,Reglas!$C$6)))) | N16: =IF(M16="","",IF(AND(M16>=G16,K16>=G16),F16,MIN(G16,M16+IF(E16="s",Reglas!$C$7,Reglas!$C$6)))) | P16: =IF(O16="","",IF(AND(O16>=G16,M16>=G16),F16,MIN(G16,O16+IF(E16="s",Reglas!$C$7,Reglas!$C$6)))) | R16: =IF(Q16="","",IF(AND(Q16>=G16,O16>=G16),F16,MIN(G16,Q16+IF(E16="s",Reglas!$C$7,Reglas!$C$6)))) | T16: =IF(S16<>"",S16,IF(Q16<>"",Q16,IF(O16<>"",O16,IF(M16<>"",M16,IF(K16<>"",K16,IF(I16<>"",I16,"")))))) | U16: =IF(B16="hold final","al fallo",IF(T16="",F16&" (piso)",IF(AND(T16>=G16,IF(AND(S16<>"",TRUE()),Q16,IF(AND(Q16<>"",S16=""),O16,IF(AND(O16<>"",Q16=""),M16,IF(AND(M16<>"",O16=""),K16,IF(AND(K16<>"",M16=""),I16,0)))))>=G16),F16&" (piso, progresión nueva)",MIN(G16,T16+IF(E16="s",Reglas!$C$7,Reglas!$C$6))))) -> 3 (piso) | V16: =IF(B16="hold final","",IF(T16="","sin datos",IF(AND(T16>=G16,IF(AND(S16<>"",TRUE()),Q16,IF(AND(Q16<>"",S16=""),O16,IF(AND(O16<>"",Q16=""),M16,IF(AND(M16<>"",O16=""),K16,IF(AND(K16<>"",M16=""),I16,0)))))>=G16),"⬆ SUBIR de progresión",IF(T16>=G16,"techo 1 de 2",IF(T16<F16,"bajo el piso: revisar","en rango"))))) -> sin datos | W16: =IF(AND(I16<>"",H16<>""),IF(I16>=H16,1,0),0)+IF(AND(K16<>"",J16<>""),IF(K16>=J16,1,0),0)+IF(AND(M16<>"",L16<>""),IF(M16>=L16,1,0),0)+IF(AND(O16<>"",N16<>""),IF(O16>=N16,1,0),0)+IF(AND(Q16<>"",P16<>""),IF(Q16>=P16,1,0),0)+IF(AND(S16<>"",R16<>""),IF(S16>=R16,1,0),0) -> 0 | X16: =IF(AND(I16<>"",H16<>""),1,0)+IF(AND(K16<>"",J16<>""),1,0)+IF(AND(M16<>"",L16<>""),1,0)+IF(AND(O16<>"",N16<>""),1,0)+IF(AND(Q16<>"",P16<>""),1,0)+IF(AND(S16<>"",R16<>""),1,0) -> 0 | Y16: =IF(X16=0,"",W16/X16) | Z16: =IF(X16=0,"",(IF(AND(I16<>"",H16<>""),I16-H16,0)+IF(AND(K16<>"",J16<>""),K16-J16,0)+IF(AND(M16<>"",L16<>""),M16-L16,0)+IF(AND(O16<>"",N16<>""),O16-N16,0)+IF(AND(Q16<>"",P16<>""),Q16-P16,0)+IF(AND(S16<>"",R16<>""),S16-R16,0))/X16)
B17: E3 | C17: tuck | D17: completa | E17: reps | F17: =IF(E17="reps",3,4) -> 3 | G17: =IF(E17="reps",8,12) -> 8 | H17: =F17 -> 3 | J17: =IF(I17="","",IF(FALSE(),F17,MIN(G17,I17+IF(E17="s",Reglas!$C$7,Reglas!$C$6)))) | L17: =IF(K17="","",IF(AND(K17>=G17,I17>=G17),F17,MIN(G17,K17+IF(E17="s",Reglas!$C$7,Reglas!$C$6)))) | N17: =IF(M17="","",IF(AND(M17>=G17,K17>=G17),F17,MIN(G17,M17+IF(E17="s",Reglas!$C$7,Reglas!$C$6)))) | P17: =IF(O17="","",IF(AND(O17>=G17,M17>=G17),F17,MIN(G17,O17+IF(E17="s",Reglas!$C$7,Reglas!$C$6)))) | R17: =IF(Q17="","",IF(AND(Q17>=G17,O17>=G17),F17,MIN(G17,Q17+IF(E17="s",Reglas!$C$7,Reglas!$C$6)))) | T17: =IF(S17<>"",S17,IF(Q17<>"",Q17,IF(O17<>"",O17,IF(M17<>"",M17,IF(K17<>"",K17,IF(I17<>"",I17,"")))))) | U17: =IF(B17="hold final","al fallo",IF(T17="",F17&" (piso)",IF(AND(T17>=G17,IF(AND(S17<>"",TRUE()),Q17,IF(AND(Q17<>"",S17=""),O17,IF(AND(O17<>"",Q17=""),M17,IF(AND(M17<>"",O17=""),K17,IF(AND(K17<>"",M17=""),I17,0)))))>=G17),F17&" (piso, progresión nueva)",MIN(G17,T17+IF(E17="s",Reglas!$C$7,Reglas!$C$6))))) -> 3 (piso) | V17: =IF(B17="hold final","",IF(T17="","sin datos",IF(AND(T17>=G17,IF(AND(S17<>"",TRUE()),Q17,IF(AND(Q17<>"",S17=""),O17,IF(AND(O17<>"",Q17=""),M17,IF(AND(M17<>"",O17=""),K17,IF(AND(K17<>"",M17=""),I17,0)))))>=G17),"⬆ SUBIR de progresión",IF(T17>=G17,"techo 1 de 2",IF(T17<F17,"bajo el piso: revisar","en rango"))))) -> sin datos | W17: =IF(AND(I17<>"",H17<>""),IF(I17>=H17,1,0),0)+IF(AND(K17<>"",J17<>""),IF(K17>=J17,1,0),0)+IF(AND(M17<>"",L17<>""),IF(M17>=L17,1,0),0)+IF(AND(O17<>"",N17<>""),IF(O17>=N17,1,0),0)+IF(AND(Q17<>"",P17<>""),IF(Q17>=P17,1,0),0)+IF(AND(S17<>"",R17<>""),IF(S17>=R17,1,0),0) -> 0 | X17: =IF(AND(I17<>"",H17<>""),1,0)+IF(AND(K17<>"",J17<>""),1,0)+IF(AND(M17<>"",L17<>""),1,0)+IF(AND(O17<>"",N17<>""),1,0)+IF(AND(Q17<>"",P17<>""),1,0)+IF(AND(S17<>"",R17<>""),1,0) -> 0 | Y17: =IF(X17=0,"",W17/X17) | Z17: =IF(X17=0,"",(IF(AND(I17<>"",H17<>""),I17-H17,0)+IF(AND(K17<>"",J17<>""),K17-J17,0)+IF(AND(M17<>"",L17<>""),M17-L17,0)+IF(AND(O17<>"",N17<>""),O17-N17,0)+IF(AND(Q17<>"",P17<>""),Q17-P17,0)+IF(AND(S17<>"",R17<>""),S17-R17,0))/X17)
B18: hold final | C18: adv tuck | D18: hold | E18: s | F18: =IF(E18="reps",3,4) -> 4 | G18: =IF(E18="reps",8,12) -> 12 | H18: al fallo | J18: al fallo | L18: al fallo | N18: al fallo | P18: al fallo | R18: al fallo | T18: =IF(S18<>"",S18,IF(Q18<>"",Q18,IF(O18<>"",O18,IF(M18<>"",M18,IF(K18<>"",K18,IF(I18<>"",I18,"")))))) | U18: =IF(B18="hold final","al fallo",IF(T18="",F18&" (piso)",IF(AND(T18>=G18,IF(AND(S18<>"",TRUE()),Q18,IF(AND(Q18<>"",S18=""),O18,IF(AND(O18<>"",Q18=""),M18,IF(AND(M18<>"",O18=""),K18,IF(AND(K18<>"",M18=""),I18,0)))))>=G18),F18&" (piso, progresión nueva)",MIN(G18,T18+IF(E18="s",Reglas!$C$7,Reglas!$C$6))))) -> al fallo | V18: =IF(B18="hold final","",IF(T18="","sin datos",IF(AND(T18>=G18,IF(AND(S18<>"",TRUE()),Q18,IF(AND(Q18<>"",S18=""),O18,IF(AND(O18<>"",Q18=""),M18,IF(AND(M18<>"",O18=""),K18,IF(AND(K18<>"",M18=""),I18,0)))))>=G18),"⬆ SUBIR de progresión",IF(T18>=G18,"techo 1 de 2",IF(T18<F18,"bajo el piso: revisar","en rango")))))

Sheet Vertical
A1: CONQUER · Rutina Mati y Nach
A2: VERTICAL
A3: · Amarillo = lo completás vos (progresión, modo, Real). Gris = predicción.
A4: Ejercicio | B4: Escalón | C4: Progresión | D4: Modo | E4: Tipo | F4: Piso | G4: Techo | H4: S1 prev | I4: S1 real | J4: S2 prev | K4: S2 real | L4: S3 prev | M4: S3 real | N4: S4 prev | O4: S4 real | P4: S5 prev | Q4: S5 real | R4: S6 prev | S4: S6 real | T4: Última | U4: Próximo (S7 prev) | V4: Estado | W4: Aciertos | X4: Sesiones | Y4: % acierto | Z4: Δ medio
A5: HSPU | B5: E1 | C5: paralelas profundas | D5: completa | E5: reps | F5: =IF(E5="reps",3,4) -> 3 | G5: =IF(E5="reps",8,12) -> 8 | H5: =F5 -> 3 | J5: =IF(I5="","",IF(FALSE(),F5,MIN(G5,I5+IF(E5="s",Reglas!$C$7,Reglas!$C$6)))) | L5: =IF(K5="","",IF(AND(K5>=G5,I5>=G5),F5,MIN(G5,K5+IF(E5="s",Reglas!$C$7,Reglas!$C$6)))) | N5: =IF(M5="","",IF(AND(M5>=G5,K5>=G5),F5,MIN(G5,M5+IF(E5="s",Reglas!$C$7,Reglas!$C$6)))) | P5: =IF(O5="","",IF(AND(O5>=G5,M5>=G5),F5,MIN(G5,O5+IF(E5="s",Reglas!$C$7,Reglas!$C$6)))) | R5: =IF(Q5="","",IF(AND(Q5>=G5,O5>=G5),F5,MIN(G5,Q5+IF(E5="s",Reglas!$C$7,Reglas!$C$6)))) | T5: =IF(S5<>"",S5,IF(Q5<>"",Q5,IF(O5<>"",O5,IF(M5<>"",M5,IF(K5<>"",K5,IF(I5<>"",I5,"")))))) | U5: =IF(B5="hold final","al fallo",IF(T5="",F5&" (piso)",IF(AND(T5>=G5,IF(AND(S5<>"",TRUE()),Q5,IF(AND(Q5<>"",S5=""),O5,IF(AND(O5<>"",Q5=""),M5,IF(AND(M5<>"",O5=""),K5,IF(AND(K5<>"",M5=""),I5,0)))))>=G5),F5&" (piso, progresión nueva)",MIN(G5,T5+IF(E5="s",Reglas!$C$7,Reglas!$C$6))))) -> 3 (piso) | V5: =IF(B5="hold final","",IF(T5="","sin datos",IF(AND(T5>=G5,IF(AND(S5<>"",TRUE()),Q5,IF(AND(Q5<>"",S5=""),O5,IF(AND(O5<>"",Q5=""),M5,IF(AND(M5<>"",O5=""),K5,IF(AND(K5<>"",M5=""),I5,0)))))>=G5),"⬆ SUBIR de progresión",IF(T5>=G5,"techo 1 de 2",IF(T5<F5,"bajo el piso: revisar","en rango"))))) -> sin datos | W5: =IF(AND(I5<>"",H5<>""),IF(I5>=H5,1,0),0)+IF(AND(K5<>"",J5<>""),IF(K5>=J5,1,0),0)+IF(AND(M5<>"",L5<>""),IF(M5>=L5,1,0),0)+IF(AND(O5<>"",N5<>""),IF(O5>=N5,1,0),0)+IF(AND(Q5<>"",P5<>""),IF(Q5>=P5,1,0),0)+IF(AND(S5<>"",R5<>""),IF(S5>=R5,1,0),0) -> 0 | X5: =IF(AND(I5<>"",H5<>""),1,0)+IF(AND(K5<>"",J5<>""),1,0)+IF(AND(M5<>"",L5<>""),1,0)+IF(AND(O5<>"",N5<>""),1,0)+IF(AND(Q5<>"",P5<>""),1,0)+IF(AND(S5<>"",R5<>""),1,0) -> 0 | Y5: =IF(X5=0,"",W5/X5) | Z5: =IF(X5=0,"",(IF(AND(I5<>"",H5<>""),I5-H5,0)+IF(AND(K5<>"",J5<>""),K5-J5,0)+IF(AND(M5<>"",L5<>""),M5-L5,0)+IF(AND(O5<>"",N5<>""),O5-N5,0)+IF(AND(Q5<>"",P5<>""),Q5-P5,0)+IF(AND(S5<>"",R5<>""),S5-R5,0))/X5)
B6: E2 | C6: paralelas profundas | D6: negativa | E6: reps | F6: =IF(E6="reps",3,4) -> 3 | G6: =IF(E6="reps",8,12) -> 8 | H6: =F6 -> 3 | J6: =IF(I6="","",IF(FALSE(),F6,MIN(G6,I6+IF(E6="s",Reglas!$C$7,Reglas!$C$6)))) | L6: =IF(K6="","",IF(AND(K6>=G6,I6>=G6),F6,MIN(G6,K6+IF(E6="s",Reglas!$C$7,Reglas!$C$6)))) | N6: =IF(M6="","",IF(AND(M6>=G6,K6>=G6),F6,MIN(G6,M6+IF(E6="s",Reglas!$C$7,Reglas!$C$6)))) | P6: =IF(O6="","",IF(AND(O6>=G6,M6>=G6),F6,MIN(G6,O6+IF(E6="s",Reglas!$C$7,Reglas!$C$6)))) | R6: =IF(Q6="","",IF(AND(Q6>=G6,O6>=G6),F6,MIN(G6,Q6+IF(E6="s",Reglas!$C$7,Reglas!$C$6)))) | T6: =IF(S6<>"",S6,IF(Q6<>"",Q6,IF(O6<>"",O6,IF(M6<>"",M6,IF(K6<>"",K6,IF(I6<>"",I6,"")))))) | U6: =IF(B6="hold final","al fallo",IF(T6="",F6&" (piso)",IF(AND(T6>=G6,IF(AND(S6<>"",TRUE()),Q6,IF(AND(Q6<>"",S6=""),O6,IF(AND(O6<>"",Q6=""),M6,IF(AND(M6<>"",O6=""),K6,IF(AND(K6<>"",M6=""),I6,0)))))>=G6),F6&" (piso, progresión nueva)",MIN(G6,T6+IF(E6="s",Reglas!$C$7,Reglas!$C$6))))) -> 3 (piso) | V6: =IF(B6="hold final","",IF(T6="","sin datos",IF(AND(T6>=G6,IF(AND(S6<>"",TRUE()),Q6,IF(AND(Q6<>"",S6=""),O6,IF(AND(O6<>"",Q6=""),M6,IF(AND(M6<>"",O6=""),K6,IF(AND(K6<>"",M6=""),I6,0)))))>=G6),"⬆ SUBIR de progresión",IF(T6>=G6,"techo 1 de 2",IF(T6<F6,"bajo el piso: revisar","en rango"))))) -> sin datos | W6: =IF(AND(I6<>"",H6<>""),IF(I6>=H6,1,0),0)+IF(AND(K6<>"",J6<>""),IF(K6>=J6,1,0),0)+IF(AND(M6<>"",L6<>""),IF(M6>=L6,1,0),0)+IF(AND(O6<>"",N6<>""),IF(O6>=N6,1,0),0)+IF(AND(Q6<>"",P6<>""),IF(Q6>=P6,1,0),0)+IF(AND(S6<>"",R6<>""),IF(S6>=R6,1,0),0) -> 0 | X6: =IF(AND(I6<>"",H6<>""),1,0)+IF(AND(K6<>"",J6<>""),1,0)+IF(AND(M6<>"",L6<>""),1,0)+IF(AND(O6<>"",N6<>""),1,0)+IF(AND(Q6<>"",P6<>""),1,0)+IF(AND(S6<>"",R6<>""),1,0) -> 0 | Y6: =IF(X6=0,"",W6/X6) | Z6: =IF(X6=0,"",(IF(AND(I6<>"",H6<>""),I6-H6,0)+IF(AND(K6<>"",J6<>""),K6-J6,0)+IF(AND(M6<>"",L6<>""),M6-L6,0)+IF(AND(O6<>"",N6<>""),O6-N6,0)+IF(AND(Q6<>"",P6<>""),Q6-P6,0)+IF(AND(S6<>"",R6<>""),S6-R6,0))/X6)
B7: E3 | C7: wide en piso | D7: completa | E7: reps | F7: =IF(E7="reps",3,4) -> 3 | G7: =IF(E7="reps",8,12) -> 8 | H7: =F7 -> 3 | J7: =IF(I7="","",IF(FALSE(),F7,MIN(G7,I7+IF(E7="s",Reglas!$C$7,Reglas!$C$6)))) | L7: =IF(K7="","",IF(AND(K7>=G7,I7>=G7),F7,MIN(G7,K7+IF(E7="s",Reglas!$C$7,Reglas!$C$6)))) | N7: =IF(M7="","",IF(AND(M7>=G7,K7>=G7),F7,MIN(G7,M7+IF(E7="s",Reglas!$C$7,Reglas!$C$6)))) | P7: =IF(O7="","",IF(AND(O7>=G7,M7>=G7),F7,MIN(G7,O7+IF(E7="s",Reglas!$C$7,Reglas!$C$6)))) | R7: =IF(Q7="","",IF(AND(Q7>=G7,O7>=G7),F7,MIN(G7,Q7+IF(E7="s",Reglas!$C$7,Reglas!$C$6)))) | T7: =IF(S7<>"",S7,IF(Q7<>"",Q7,IF(O7<>"",O7,IF(M7<>"",M7,IF(K7<>"",K7,IF(I7<>"",I7,"")))))) | U7: =IF(B7="hold final","al fallo",IF(T7="",F7&" (piso)",IF(AND(T7>=G7,IF(AND(S7<>"",TRUE()),Q7,IF(AND(Q7<>"",S7=""),O7,IF(AND(O7<>"",Q7=""),M7,IF(AND(M7<>"",O7=""),K7,IF(AND(K7<>"",M7=""),I7,0)))))>=G7),F7&" (piso, progresión nueva)",MIN(G7,T7+IF(E7="s",Reglas!$C$7,Reglas!$C$6))))) -> 3 (piso) | V7: =IF(B7="hold final","",IF(T7="","sin datos",IF(AND(T7>=G7,IF(AND(S7<>"",TRUE()),Q7,IF(AND(Q7<>"",S7=""),O7,IF(AND(O7<>"",Q7=""),M7,IF(AND(M7<>"",O7=""),K7,IF(AND(K7<>"",M7=""),I7,0)))))>=G7),"⬆ SUBIR de progresión",IF(T7>=G7,"techo 1 de 2",IF(T7<F7,"bajo el piso: revisar","en rango"))))) -> sin datos | W7: =IF(AND(I7<>"",H7<>""),IF(I7>=H7,1,0),0)+IF(AND(K7<>"",J7<>""),IF(K7>=J7,1,0),0)+IF(AND(M7<>"",L7<>""),IF(M7>=L7,1,0),0)+IF(AND(O7<>"",N7<>""),IF(O7>=N7,1,0),0)+IF(AND(Q7<>"",P7<>""),IF(Q7>=P7,1,0),0)+IF(AND(S7<>"",R7<>""),IF(S7>=R7,1,0),0) -> 0 | X7: =IF(AND(I7<>"",H7<>""),1,0)+IF(AND(K7<>"",J7<>""),1,0)+IF(AND(M7<>"",L7<>""),1,0)+IF(AND(O7<>"",N7<>""),1,0)+IF(AND(Q7<>"",P7<>""),1,0)+IF(AND(S7<>"",R7<>""),1,0) -> 0 | Y7: =IF(X7=0,"",W7/X7) | Z7: =IF(X7=0,"",(IF(AND(I7<>"",H7<>""),I7-H7,0)+IF(AND(K7<>"",J7<>""),K7-J7,0)+IF(AND(M7<>"",L7<>""),M7-L7,0)+IF(AND(O7<>"",N7<>""),O7-N7,0)+IF(AND(Q7<>"",P7<>""),Q7-P7,0)+IF(AND(S7<>"",R7<>""),S7-R7,0))/X7)
B8: hold final | C8: pike | D8: hold | E8: s | F8: =IF(E8="reps",3,4) -> 4 | G8: =IF(E8="reps",8,12) -> 12 | H8: al fallo | J8: al fallo | L8: al fallo | N8: al fallo | P8: al fallo | R8: al fallo | T8: =IF(S8<>"",S8,IF(Q8<>"",Q8,IF(O8<>"",O8,IF(M8<>"",M8,IF(K8<>"",K8,IF(I8<>"",I8,"")))))) | U8: =IF(B8="hold final","al fallo",IF(T8="",F8&" (piso)",IF(AND(T8>=G8,IF(AND(S8<>"",TRUE()),Q8,IF(AND(Q8<>"",S8=""),O8,IF(AND(O8<>"",Q8=""),M8,IF(AND(M8<>"",O8=""),K8,IF(AND(K8<>"",M8=""),I8,0)))))>=G8),F8&" (piso, progresión nueva)",MIN(G8,T8+IF(E8="s",Reglas!$C$7,Reglas!$C$6))))) -> al fallo | V8: =IF(B8="hold final","",IF(T8="","sin datos",IF(AND(T8>=G8,IF(AND(S8<>"",TRUE()),Q8,IF(AND(Q8<>"",S8=""),O8,IF(AND(O8<>"",Q8=""),M8,IF(AND(M8<>"",O8=""),K8,IF(AND(K8<>"",M8=""),I8,0)))))>=G8),"⬆ SUBIR de progresión",IF(T8>=G8,"techo 1 de 2",IF(T8<F8,"bajo el piso: revisar","en rango")))))
A10: 90° press | B10: E1 | C10: full | D10: completa | E10: reps | F10: =IF(E10="reps",3,4) -> 3 | G10: =IF(E10="reps",8,12) -> 8 | H10: =F10 -> 3 | J10: =IF(I10="","",IF(FALSE(),F10,MIN(G10,I10+IF(E10="s",Reglas!$C$7,Reglas!$C$6)))) | L10: =IF(K10="","",IF(AND(K10>=G10,I10>=G10),F10,MIN(G10,K10+IF(E10="s",Reglas!$C$7,Reglas!$C$6)))) | N10: =IF(M10="","",IF(AND(M10>=G10,K10>=G10),F10,MIN(G10,M10+IF(E10="s",Reglas!$C$7,Reglas!$C$6)))) | P10: =IF(O10="","",IF(AND(O10>=G10,M10>=G10),F10,MIN(G10,O10+IF(E10="s",Reglas!$C$7,Reglas!$C$6)))) | R10: =IF(Q10="","",IF(AND(Q10>=G10,O10>=G10),F10,MIN(G10,Q10+IF(E10="s",Reglas!$C$7,Reglas!$C$6)))) | T10: =IF(S10<>"",S10,IF(Q10<>"",Q10,IF(O10<>"",O10,IF(M10<>"",M10,IF(K10<>"",K10,IF(I10<>"",I10,"")))))) | U10: =IF(B10="hold final","al fallo",IF(T10="",F10&" (piso)",IF(AND(T10>=G10,IF(AND(S10<>"",TRUE()),Q10,IF(AND(Q10<>"",S10=""),O10,IF(AND(O10<>"",Q10=""),M10,IF(AND(M10<>"",O10=""),K10,IF(AND(K10<>"",M10=""),I10,0)))))>=G10),F10&" (piso, progresión nueva)",MIN(G10,T10+IF(E10="s",Reglas!$C$7,Reglas!$C$6))))) -> 3 (piso) | V10: =IF(B10="hold final","",IF(T10="","sin datos",IF(AND(T10>=G10,IF(AND(S10<>"",TRUE()),Q10,IF(AND(Q10<>"",S10=""),O10,IF(AND(O10<>"",Q10=""),M10,IF(AND(M10<>"",O10=""),K10,IF(AND(K10<>"",M10=""),I10,0)))))>=G10),"⬆ SUBIR de progresión",IF(T10>=G10,"techo 1 de 2",IF(T10<F10,"bajo el piso: revisar","en rango"))))) -> sin datos | W10: =IF(AND(I10<>"",H10<>""),IF(I10>=H10,1,0),0)+IF(AND(K10<>"",J10<>""),IF(K10>=J10,1,0),0)+IF(AND(M10<>"",L10<>""),IF(M10>=L10,1,0),0)+IF(AND(O10<>"",N10<>""),IF(O10>=N10,1,0),0)+IF(AND(Q10<>"",P10<>""),IF(Q10>=P10,1,0),0)+IF(AND(S10<>"",R10<>""),IF(S10>=R10,1,0),0) -> 0 | X10: =IF(AND(I10<>"",H10<>""),1,0)+IF(AND(K10<>"",J10<>""),1,0)+IF(AND(M10<>"",L10<>""),1,0)+IF(AND(O10<>"",N10<>""),1,0)+IF(AND(Q10<>"",P10<>""),1,0)+IF(AND(S10<>"",R10<>""),1,0) -> 0 | Y10: =IF(X10=0,"",W10/X10) | Z10: =IF(X10=0,"",(IF(AND(I10<>"",H10<>""),I10-H10,0)+IF(AND(K10<>"",J10<>""),K10-J10,0)+IF(AND(M10<>"",L10<>""),M10-L10,0)+IF(AND(O10<>"",N10<>""),O10-N10,0)+IF(AND(Q10<>"",P10<>""),Q10-P10,0)+IF(AND(S10<>"",R10<>""),S10-R10,0))/X10)
B11: E2 | C11: full | D11: negativa | E11: reps | F11: =IF(E11="reps",3,4) -> 3 | G11: =IF(E11="reps",8,12) -> 8 | H11: =F11 -> 3 | J11: =IF(I11="","",IF(FALSE(),F11,MIN(G11,I11+IF(E11="s",Reglas!$C$7,Reglas!$C$6)))) | L11: =IF(K11="","",IF(AND(K11>=G11,I11>=G11),F11,MIN(G11,K11+IF(E11="s",Reglas!$C$7,Reglas!$C$6)))) | N11: =IF(M11="","",IF(AND(M11>=G11,K11>=G11),F11,MIN(G11,M11+IF(E11="s",Reglas!$C$7,Reglas!$C$6)))) | P11: =IF(O11="","",IF(AND(O11>=G11,M11>=G11),F11,MIN(G11,O11+IF(E11="s",Reglas!$C$7,Reglas!$C$6)))) | R11: =IF(Q11="","",IF(AND(Q11>=G11,O11>=G11),F11,MIN(G11,Q11+IF(E11="s",Reglas!$C$7,Reglas!$C$6)))) | T11: =IF(S11<>"",S11,IF(Q11<>"",Q11,IF(O11<>"",O11,IF(M11<>"",M11,IF(K11<>"",K11,IF(I11<>"",I11,"")))))) | U11: =IF(B11="hold final","al fallo",IF(T11="",F11&" (piso)",IF(AND(T11>=G11,IF(AND(S11<>"",TRUE()),Q11,IF(AND(Q11<>"",S11=""),O11,IF(AND(O11<>"",Q11=""),M11,IF(AND(M11<>"",O11=""),K11,IF(AND(K11<>"",M11=""),I11,0)))))>=G11),F11&" (piso, progresión nueva)",MIN(G11,T11+IF(E11="s",Reglas!$C$7,Reglas!$C$6))))) -> 3 (piso) | V11: =IF(B11="hold final","",IF(T11="","sin datos",IF(AND(T11>=G11,IF(AND(S11<>"",TRUE()),Q11,IF(AND(Q11<>"",S11=""),O11,IF(AND(O11<>"",Q11=""),M11,IF(AND(M11<>"",O11=""),K11,IF(AND(K11<>"",M11=""),I11,0)))))>=G11),"⬆ SUBIR de progresión",IF(T11>=G11,"techo 1 de 2",IF(T11<F11,"bajo el piso: revisar","en rango"))))) -> sin datos | W11: =IF(AND(I11<>"",H11<>""),IF(I11>=H11,1,0),0)+IF(AND(K11<>"",J11<>""),IF(K11>=J11,1,0),0)+IF(AND(M11<>"",L11<>""),IF(M11>=L11,1,0),0)+IF(AND(O11<>"",N11<>""),IF(O11>=N11,1,0),0)+IF(AND(Q11<>"",P11<>""),IF(Q11>=P11,1,0),0)+IF(AND(S11<>"",R11<>""),IF(S11>=R11,1,0),0) -> 0 | X11: =IF(AND(I11<>"",H11<>""),1,0)+IF(AND(K11<>"",J11<>""),1,0)+IF(AND(M11<>"",L11<>""),1,0)+IF(AND(O11<>"",N11<>""),1,0)+IF(AND(Q11<>"",P11<>""),1,0)+IF(AND(S11<>"",R11<>""),1,0) -> 0 | Y11: =IF(X11=0,"",W11/X11) | Z11: =IF(X11=0,"",(IF(AND(I11<>"",H11<>""),I11-H11,0)+IF(AND(K11<>"",J11<>""),K11-J11,0)+IF(AND(M11<>"",L11<>""),M11-L11,0)+IF(AND(O11<>"",N11<>""),O11-N11,0)+IF(AND(Q11<>"",P11<>""),Q11-P11,0)+IF(AND(S11<>"",R11<>""),S11-R11,0))/X11)
B12: E3 | C12: pike elevado | D12: completa | E12: reps | F12: =IF(E12="reps",3,4) -> 3 | G12: =IF(E12="reps",8,12) -> 8 | H12: =F12 -> 3 | J12: =IF(I12="","",IF(FALSE(),F12,MIN(G12,I12+IF(E12="s",Reglas!$C$7,Reglas!$C$6)))) | L12: =IF(K12="","",IF(AND(K12>=G12,I12>=G12),F12,MIN(G12,K12+IF(E12="s",Reglas!$C$7,Reglas!$C$6)))) | N12: =IF(M12="","",IF(AND(M12>=G12,K12>=G12),F12,MIN(G12,M12+IF(E12="s",Reglas!$C$7,Reglas!$C$6)))) | P12: =IF(O12="","",IF(AND(O12>=G12,M12>=G12),F12,MIN(G12,O12+IF(E12="s",Reglas!$C$7,Reglas!$C$6)))) | R12: =IF(Q12="","",IF(AND(Q12>=G12,O12>=G12),F12,MIN(G12,Q12+IF(E12="s",Reglas!$C$7,Reglas!$C$6)))) | T12: =IF(S12<>"",S12,IF(Q12<>"",Q12,IF(O12<>"",O12,IF(M12<>"",M12,IF(K12<>"",K12,IF(I12<>"",I12,"")))))) | U12: =IF(B12="hold final","al fallo",IF(T12="",F12&" (piso)",IF(AND(T12>=G12,IF(AND(S12<>"",TRUE()),Q12,IF(AND(Q12<>"",S12=""),O12,IF(AND(O12<>"",Q12=""),M12,IF(AND(M12<>"",O12=""),K12,IF(AND(K12<>"",M12=""),I12,0)))))>=G12),F12&" (piso, progresión nueva)",MIN(G12,T12+IF(E12="s",Reglas!$C$7,Reglas!$C$6))))) -> 3 (piso) | V12: =IF(B12="hold final","",IF(T12="","sin datos",IF(AND(T12>=G12,IF(AND(S12<>"",TRUE()),Q12,IF(AND(Q12<>"",S12=""),O12,IF(AND(O12<>"",Q12=""),M12,IF(AND(M12<>"",O12=""),K12,IF(AND(K12<>"",M12=""),I12,0)))))>=G12),"⬆ SUBIR de progresión",IF(T12>=G12,"techo 1 de 2",IF(T12<F12,"bajo el piso: revisar","en rango"))))) -> sin datos | W12: =IF(AND(I12<>"",H12<>""),IF(I12>=H12,1,0),0)+IF(AND(K12<>"",J12<>""),IF(K12>=J12,1,0),0)+IF(AND(M12<>"",L12<>""),IF(M12>=L12,1,0),0)+IF(AND(O12<>"",N12<>""),IF(O12>=N12,1,0),0)+IF(AND(Q12<>"",P12<>""),IF(Q12>=P12,1,0),0)+IF(AND(S12<>"",R12<>""),IF(S12>=R12,1,0),0) -> 0 | X12: =IF(AND(I12<>"",H12<>""),1,0)+IF(AND(K12<>"",J12<>""),1,0)+IF(AND(M12<>"",L12<>""),1,0)+IF(AND(O12<>"",N12<>""),1,0)+IF(AND(Q12<>"",P12<>""),1,0)+IF(AND(S12<>"",R12<>""),1,0) -> 0 | Y12: =IF(X12=0,"",W12/X12) | Z12: =IF(X12=0,"",(IF(AND(I12<>"",H12<>""),I12-H12,0)+IF(AND(K12<>"",J12<>""),K12-J12,0)+IF(AND(M12<>"",L12<>""),M12-L12,0)+IF(AND(O12<>"",N12<>""),O12-N12,0)+IF(AND(Q12<>"",P12<>""),Q12-P12,0)+IF(AND(S12<>"",R12<>""),S12-R12,0))/X12)
B13: hold final | C13: tuck | D13: hold | E13: s | F13: =IF(E13="reps",3,4) -> 4 | G13: =IF(E13="reps",8,12) -> 12 | H13: al fallo | J13: al fallo | L13: al fallo | N13: al fallo | P13: al fallo | R13: al fallo | T13: =IF(S13<>"",S13,IF(Q13<>"",Q13,IF(O13<>"",O13,IF(M13<>"",M13,IF(K13<>"",K13,IF(I13<>"",I13,"")))))) | U13: =IF(B13="hold final","al fallo",IF(T13="",F13&" (piso)",IF(AND(T13>=G13,IF(AND(S13<>"",TRUE()),Q13,IF(AND(Q13<>"",S13=""),O13,IF(AND(O13<>"",Q13=""),M13,IF(AND(M13<>"",O13=""),K13,IF(AND(K13<>"",M13=""),I13,0)))))>=G13),F13&" (piso, progresión nueva)",MIN(G13,T13+IF(E13="s",Reglas!$C$7,Reglas!$C$6))))) -> al fallo | V13: =IF(B13="hold final","",IF(T13="","sin datos",IF(AND(T13>=G13,IF(AND(S13<>"",TRUE()),Q13,IF(AND(Q13<>"",S13=""),O13,IF(AND(O13<>"",Q13=""),M13,IF(AND(M13<>"",O13=""),K13,IF(AND(K13<>"",M13=""),I13,0)))))>=G13),"⬆ SUBIR de progresión",IF(T13>=G13,"techo 1 de 2",IF(T13<F13,"bajo el piso: revisar","en rango")))))
A15: Planche push-up | B15: E1 | C15: tuck | D15: completa | E15: reps | F15: =IF(E15="reps",3,4) -> 3 | G15: =IF(E15="reps",8,12) -> 8 | H15: =F15 -> 3 | J15: =IF(I15="","",IF(FALSE(),F15,MIN(G15,I15+IF(E15="s",Reglas!$C$7,Reglas!$C$6)))) | L15: =IF(K15="","",IF(AND(K15>=G15,I15>=G15),F15,MIN(G15,K15+IF(E15="s",Reglas!$C$7,Reglas!$C$6)))) | N15: =IF(M15="","",IF(AND(M15>=G15,K15>=G15),F15,MIN(G15,M15+IF(E15="s",Reglas!$C$7,Reglas!$C$6)))) | P15: =IF(O15="","",IF(AND(O15>=G15,M15>=G15),F15,MIN(G15,O15+IF(E15="s",Reglas!$C$7,Reglas!$C$6)))) | R15: =IF(Q15="","",IF(AND(Q15>=G15,O15>=G15),F15,MIN(G15,Q15+IF(E15="s",Reglas!$C$7,Reglas!$C$6)))) | T15: =IF(S15<>"",S15,IF(Q15<>"",Q15,IF(O15<>"",O15,IF(M15<>"",M15,IF(K15<>"",K15,IF(I15<>"",I15,"")))))) | U15: =IF(B15="hold final","al fallo",IF(T15="",F15&" (piso)",IF(AND(T15>=G15,IF(AND(S15<>"",TRUE()),Q15,IF(AND(Q15<>"",S15=""),O15,IF(AND(O15<>"",Q15=""),M15,IF(AND(M15<>"",O15=""),K15,IF(AND(K15<>"",M15=""),I15,0)))))>=G15),F15&" (piso, progresión nueva)",MIN(G15,T15+IF(E15="s",Reglas!$C$7,Reglas!$C$6))))) -> 3 (piso) | V15: =IF(B15="hold final","",IF(T15="","sin datos",IF(AND(T15>=G15,IF(AND(S15<>"",TRUE()),Q15,IF(AND(Q15<>"",S15=""),O15,IF(AND(O15<>"",Q15=""),M15,IF(AND(M15<>"",O15=""),K15,IF(AND(K15<>"",M15=""),I15,0)))))>=G15),"⬆ SUBIR de progresión",IF(T15>=G15,"techo 1 de 2",IF(T15<F15,"bajo el piso: revisar","en rango"))))) -> sin datos | W15: =IF(AND(I15<>"",H15<>""),IF(I15>=H15,1,0),0)+IF(AND(K15<>"",J15<>""),IF(K15>=J15,1,0),0)+IF(AND(M15<>"",L15<>""),IF(M15>=L15,1,0),0)+IF(AND(O15<>"",N15<>""),IF(O15>=N15,1,0),0)+IF(AND(Q15<>"",P15<>""),IF(Q15>=P15,1,0),0)+IF(AND(S15<>"",R15<>""),IF(S15>=R15,1,0),0) -> 0 | X15: =IF(AND(I15<>"",H15<>""),1,0)+IF(AND(K15<>"",J15<>""),1,0)+IF(AND(M15<>"",L15<>""),1,0)+IF(AND(O15<>"",N15<>""),1,0)+IF(AND(Q15<>"",P15<>""),1,0)+IF(AND(S15<>"",R15<>""),1,0) -> 0 | Y15: =IF(X15=0,"",W15/X15) | Z15: =IF(X15=0,"",(IF(AND(I15<>"",H15<>""),I15-H15,0)+IF(AND(K15<>"",J15<>""),K15-J15,0)+IF(AND(M15<>"",L15<>""),M15-L15,0)+IF(AND(O15<>"",N15<>""),O15-N15,0)+IF(AND(Q15<>"",P15<>""),Q15-P15,0)+IF(AND(S15<>"",R15<>""),S15-R15,0))/X15)
B16: E2 | C16: tuck | D16: negativa | E16: reps | F16: =IF(E16="reps",3,4) -> 3 | G16: =IF(E16="reps",8,12) -> 8 | H16: =F16 -> 3 | J16: =IF(I16="","",IF(FALSE(),F16,MIN(G16,I16+IF(E16="s",Reglas!$C$7,Reglas!$C$6)))) | L16: =IF(K16="","",IF(AND(K16>=G16,I16>=G16),F16,MIN(G16,K16+IF(E16="s",Reglas!$C$7,Reglas!$C$6)))) | N16: =IF(M16="","",IF(AND(M16>=G16,K16>=G16),F16,MIN(G16,M16+IF(E16="s",Reglas!$C$7,Reglas!$C$6)))) | P16: =IF(O16="","",IF(AND(O16>=G16,M16>=G16),F16,MIN(G16,O16+IF(E16="s",Reglas!$C$7,Reglas!$C$6)))) | R16: =IF(Q16="","",IF(AND(Q16>=G16,O16>=G16),F16,MIN(G16,Q16+IF(E16="s",Reglas!$C$7,Reglas!$C$6)))) | T16: =IF(S16<>"",S16,IF(Q16<>"",Q16,IF(O16<>"",O16,IF(M16<>"",M16,IF(K16<>"",K16,IF(I16<>"",I16,"")))))) | U16: =IF(B16="hold final","al fallo",IF(T16="",F16&" (piso)",IF(AND(T16>=G16,IF(AND(S16<>"",TRUE()),Q16,IF(AND(Q16<>"",S16=""),O16,IF(AND(O16<>"",Q16=""),M16,IF(AND(M16<>"",O16=""),K16,IF(AND(K16<>"",M16=""),I16,0)))))>=G16),F16&" (piso, progresión nueva)",MIN(G16,T16+IF(E16="s",Reglas!$C$7,Reglas!$C$6))))) -> 3 (piso) | V16: =IF(B16="hold final","",IF(T16="","sin datos",IF(AND(T16>=G16,IF(AND(S16<>"",TRUE()),Q16,IF(AND(Q16<>"",S16=""),O16,IF(AND(O16<>"",Q16=""),M16,IF(AND(M16<>"",O16=""),K16,IF(AND(K16<>"",M16=""),I16,0)))))>=G16),"⬆ SUBIR de progresión",IF(T16>=G16,"techo 1 de 2",IF(T16<F16,"bajo el piso: revisar","en rango"))))) -> sin datos | W16: =IF(AND(I16<>"",H16<>""),IF(I16>=H16,1,0),0)+IF(AND(K16<>"",J16<>""),IF(K16>=J16,1,0),0)+IF(AND(M16<>"",L16<>""),IF(M16>=L16,1,0),0)+IF(AND(O16<>"",N16<>""),IF(O16>=N16,1,0),0)+IF(AND(Q16<>"",P16<>""),IF(Q16>=P16,1,0),0)+IF(AND(S16<>"",R16<>""),IF(S16>=R16,1,0),0) -> 0 | X16: =IF(AND(I16<>"",H16<>""),1,0)+IF(AND(K16<>"",J16<>""),1,0)+IF(AND(M16<>"",L16<>""),1,0)+IF(AND(O16<>"",N16<>""),1,0)+IF(AND(Q16<>"",P16<>""),1,0)+IF(AND(S16<>"",R16<>""),1,0) -> 0 | Y16: =IF(X16=0,"",W16/X16) | Z16: =IF(X16=0,"",(IF(AND(I16<>"",H16<>""),I16-H16,0)+IF(AND(K16<>"",J16<>""),K16-J16,0)+IF(AND(M16<>"",L16<>""),M16-L16,0)+IF(AND(O16<>"",N16<>""),O16-N16,0)+IF(AND(Q16<>"",P16<>""),Q16-P16,0)+IF(AND(S16<>"",R16<>""),S16-R16,0))/X16)
B17: E3 | C17: pseudo | D17: completa | E17: reps | F17: =IF(E17="reps",3,4) -> 3 | G17: =IF(E17="reps",8,12) -> 8 | H17: =F17 -> 3 | J17: =IF(I17="","",IF(FALSE(),F17,MIN(G17,I17+IF(E17="s",Reglas!$C$7,Reglas!$C$6)))) | L17: =IF(K17="","",IF(AND(K17>=G17,I17>=G17),F17,MIN(G17,K17+IF(E17="s",Reglas!$C$7,Reglas!$C$6)))) | N17: =IF(M17="","",IF(AND(M17>=G17,K17>=G17),F17,MIN(G17,M17+IF(E17="s",Reglas!$C$7,Reglas!$C$6)))) | P17: =IF(O17="","",IF(AND(O17>=G17,M17>=G17),F17,MIN(G17,O17+IF(E17="s",Reglas!$C$7,Reglas!$C$6)))) | R17: =IF(Q17="","",IF(AND(Q17>=G17,O17>=G17),F17,MIN(G17,Q17+IF(E17="s",Reglas!$C$7,Reglas!$C$6)))) | T17: =IF(S17<>"",S17,IF(Q17<>"",Q17,IF(O17<>"",O17,IF(M17<>"",M17,IF(K17<>"",K17,IF(I17<>"",I17,"")))))) | U17: =IF(B17="hold final","al fallo",IF(T17="",F17&" (piso)",IF(AND(T17>=G17,IF(AND(S17<>"",TRUE()),Q17,IF(AND(Q17<>"",S17=""),O17,IF(AND(O17<>"",Q17=""),M17,IF(AND(M17<>"",O17=""),K17,IF(AND(K17<>"",M17=""),I17,0)))))>=G17),F17&" (piso, progresión nueva)",MIN(G17,T17+IF(E17="s",Reglas!$C$7,Reglas!$C$6))))) -> 3 (piso) | V17: =IF(B17="hold final","",IF(T17="","sin datos",IF(AND(T17>=G17,IF(AND(S17<>"",TRUE()),Q17,IF(AND(Q17<>"",S17=""),O17,IF(AND(O17<>"",Q17=""),M17,IF(AND(M17<>"",O17=""),K17,IF(AND(K17<>"",M17=""),I17,0)))))>=G17),"⬆ SUBIR de progresión",IF(T17>=G17,"techo 1 de 2",IF(T17<F17,"bajo el piso: revisar","en rango"))))) -> sin datos | W17: =IF(AND(I17<>"",H17<>""),IF(I17>=H17,1,0),0)+IF(AND(K17<>"",J17<>""),IF(K17>=J17,1,0),0)+IF(AND(M17<>"",L17<>""),IF(M17>=L17,1,0),0)+IF(AND(O17<>"",N17<>""),IF(O17>=N17,1,0),0)+IF(AND(Q17<>"",P17<>""),IF(Q17>=P17,1,0),0)+IF(AND(S17<>"",R17<>""),IF(S17>=R17,1,0),0) -> 0 | X17: =IF(AND(I17<>"",H17<>""),1,0)+IF(AND(K17<>"",J17<>""),1,0)+IF(AND(M17<>"",L17<>""),1,0)+IF(AND(O17<>"",N17<>""),1,0)+IF(AND(Q17<>"",P17<>""),1,0)+IF(AND(S17<>"",R17<>""),1,0) -> 0 | Y17: =IF(X17=0,"",W17/X17) | Z17: =IF(X17=0,"",(IF(AND(I17<>"",H17<>""),I17-H17,0)+IF(AND(K17<>"",J17<>""),K17-J17,0)+IF(AND(M17<>"",L17<>""),M17-L17,0)+IF(AND(O17<>"",N17<>""),O17-N17,0)+IF(AND(Q17<>"",P17<>""),Q17-P17,0)+IF(AND(S17<>"",R17<>""),S17-R17,0))/X17)
B18: hold final | C18: pseudo | D18: hold | E18: s | F18: =IF(E18="reps",3,4) -> 4 | G18: =IF(E18="reps",8,12) -> 12 | H18: al fallo | J18: al fallo | L18: al fallo | N18: al fallo | P18: al fallo | R18: al fallo | T18: =IF(S18<>"",S18,IF(Q18<>"",Q18,IF(O18<>"",O18,IF(M18<>"",M18,IF(K18<>"",K18,IF(I18<>"",I18,"")))))) | U18: =IF(B18="hold final","al fallo",IF(T18="",F18&" (piso)",IF(AND(T18>=G18,IF(AND(S18<>"",TRUE()),Q18,IF(AND(Q18<>"",S18=""),O18,IF(AND(O18<>"",Q18=""),M18,IF(AND(M18<>"",O18=""),K18,IF(AND(K18<>"",M18=""),I18,0)))))>=G18),F18&" (piso, progresión nueva)",MIN(G18,T18+IF(E18="s",Reglas!$C$7,Reglas!$C$6))))) -> al fallo | V18: =IF(B18="hold final","",IF(T18="","sin datos",IF(AND(T18>=G18,IF(AND(S18<>"",TRUE()),Q18,IF(AND(Q18<>"",S18=""),O18,IF(AND(O18<>"",Q18=""),M18,IF(AND(M18<>"",O18=""),K18,IF(AND(K18<>"",M18=""),I18,0)))))>=G18),"⬆ SUBIR de progresión",IF(T18>=G18,"techo 1 de 2",IF(T18<F18,"bajo el piso: revisar","en rango")))))

Sheet Dominadas
A1: CONQUER · Rutina Mati y Nach
A2: DOMINADAS
A3: · Amarillo = lo completás vos (progresión, modo, Real). Gris = predicción.
A4: Ejercicio | B4: Escalón | C4: Progresión | D4: Modo | E4: Tipo | F4: Piso | G4: Techo | H4: S1 prev | I4: S1 real | J4: S2 prev | K4: S2 real | L4: S3 prev | M4: S3 real | N4: S4 prev | O4: S4 real | P4: S5 prev | Q4: S5 real | R4: S6 prev | S4: S6 real | T4: Última | U4: Próximo (S7 prev) | V4: Estado | W4: Aciertos | X4: Sesiones | Y4: % acierto | Z4: Δ medio
A5: One arm / archer | B5: E1 | C5: OAP asistida | D5: completa | E5: reps | F5: =IF(E5="reps",3,4) -> 3 | G5: =IF(E5="reps",8,12) -> 8 | H5: =F5 -> 3 | J5: =IF(I5="","",IF(FALSE(),F5,MIN(G5,I5+IF(E5="s",Reglas!$C$7,Reglas!$C$6)))) | L5: =IF(K5="","",IF(AND(K5>=G5,I5>=G5),F5,MIN(G5,K5+IF(E5="s",Reglas!$C$7,Reglas!$C$6)))) | N5: =IF(M5="","",IF(AND(M5>=G5,K5>=G5),F5,MIN(G5,M5+IF(E5="s",Reglas!$C$7,Reglas!$C$6)))) | P5: =IF(O5="","",IF(AND(O5>=G5,M5>=G5),F5,MIN(G5,O5+IF(E5="s",Reglas!$C$7,Reglas!$C$6)))) | R5: =IF(Q5="","",IF(AND(Q5>=G5,O5>=G5),F5,MIN(G5,Q5+IF(E5="s",Reglas!$C$7,Reglas!$C$6)))) | T5: =IF(S5<>"",S5,IF(Q5<>"",Q5,IF(O5<>"",O5,IF(M5<>"",M5,IF(K5<>"",K5,IF(I5<>"",I5,"")))))) | U5: =IF(B5="hold final","al fallo",IF(T5="",F5&" (piso)",IF(AND(T5>=G5,IF(AND(S5<>"",TRUE()),Q5,IF(AND(Q5<>"",S5=""),O5,IF(AND(O5<>"",Q5=""),M5,IF(AND(M5<>"",O5=""),K5,IF(AND(K5<>"",M5=""),I5,0)))))>=G5),F5&" (piso, progresión nueva)",MIN(G5,T5+IF(E5="s",Reglas!$C$7,Reglas!$C$6))))) -> 3 (piso) | V5: =IF(B5="hold final","",IF(T5="","sin datos",IF(AND(T5>=G5,IF(AND(S5<>"",TRUE()),Q5,IF(AND(Q5<>"",S5=""),O5,IF(AND(O5<>"",Q5=""),M5,IF(AND(M5<>"",O5=""),K5,IF(AND(K5<>"",M5=""),I5,0)))))>=G5),"⬆ SUBIR de progresión",IF(T5>=G5,"techo 1 de 2",IF(T5<F5,"bajo el piso: revisar","en rango"))))) -> sin datos | W5: =IF(AND(I5<>"",H5<>""),IF(I5>=H5,1,0),0)+IF(AND(K5<>"",J5<>""),IF(K5>=J5,1,0),0)+IF(AND(M5<>"",L5<>""),IF(M5>=L5,1,0),0)+IF(AND(O5<>"",N5<>""),IF(O5>=N5,1,0),0)+IF(AND(Q5<>"",P5<>""),IF(Q5>=P5,1,0),0)+IF(AND(S5<>"",R5<>""),IF(S5>=R5,1,0),0) -> 0 | X5: =IF(AND(I5<>"",H5<>""),1,0)+IF(AND(K5<>"",J5<>""),1,0)+IF(AND(M5<>"",L5<>""),1,0)+IF(AND(O5<>"",N5<>""),1,0)+IF(AND(Q5<>"",P5<>""),1,0)+IF(AND(S5<>"",R5<>""),1,0) -> 0 | Y5: =IF(X5=0,"",W5/X5) | Z5: =IF(X5=0,"",(IF(AND(I5<>"",H5<>""),I5-H5,0)+IF(AND(K5<>"",J5<>""),K5-J5,0)+IF(AND(M5<>"",L5<>""),M5-L5,0)+IF(AND(O5<>"",N5<>""),O5-N5,0)+IF(AND(Q5<>"",P5<>""),Q5-P5,0)+IF(AND(S5<>"",R5<>""),S5-R5,0))/X5)
B6: E2 | C6: one arm | D6: negativa | E6: reps | F6: =IF(E6="reps",3,4) -> 3 | G6: =IF(E6="reps",8,12) -> 8 | H6: =F6 -> 3 | J6: =IF(I6="","",IF(FALSE(),F6,MIN(G6,I6+IF(E6="s",Reglas!$C$7,Reglas!$C$6)))) | L6: =IF(K6="","",IF(AND(K6>=G6,I6>=G6),F6,MIN(G6,K6+IF(E6="s",Reglas!$C$7,Reglas!$C$6)))) | N6: =IF(M6="","",IF(AND(M6>=G6,K6>=G6),F6,MIN(G6,M6+IF(E6="s",Reglas!$C$7,Reglas!$C$6)))) | P6: =IF(O6="","",IF(AND(O6>=G6,M6>=G6),F6,MIN(G6,O6+IF(E6="s",Reglas!$C$7,Reglas!$C$6)))) | R6: =IF(Q6="","",IF(AND(Q6>=G6,O6>=G6),F6,MIN(G6,Q6+IF(E6="s",Reglas!$C$7,Reglas!$C$6)))) | T6: =IF(S6<>"",S6,IF(Q6<>"",Q6,IF(O6<>"",O6,IF(M6<>"",M6,IF(K6<>"",K6,IF(I6<>"",I6,"")))))) | U6: =IF(B6="hold final","al fallo",IF(T6="",F6&" (piso)",IF(AND(T6>=G6,IF(AND(S6<>"",TRUE()),Q6,IF(AND(Q6<>"",S6=""),O6,IF(AND(O6<>"",Q6=""),M6,IF(AND(M6<>"",O6=""),K6,IF(AND(K6<>"",M6=""),I6,0)))))>=G6),F6&" (piso, progresión nueva)",MIN(G6,T6+IF(E6="s",Reglas!$C$7,Reglas!$C$6))))) -> 3 (piso) | V6: =IF(B6="hold final","",IF(T6="","sin datos",IF(AND(T6>=G6,IF(AND(S6<>"",TRUE()),Q6,IF(AND(Q6<>"",S6=""),O6,IF(AND(O6<>"",Q6=""),M6,IF(AND(M6<>"",O6=""),K6,IF(AND(K6<>"",M6=""),I6,0)))))>=G6),"⬆ SUBIR de progresión",IF(T6>=G6,"techo 1 de 2",IF(T6<F6,"bajo el piso: revisar","en rango"))))) -> sin datos | W6: =IF(AND(I6<>"",H6<>""),IF(I6>=H6,1,0),0)+IF(AND(K6<>"",J6<>""),IF(K6>=J6,1,0),0)+IF(AND(M6<>"",L6<>""),IF(M6>=L6,1,0),0)+IF(AND(O6<>"",N6<>""),IF(O6>=N6,1,0),0)+IF(AND(Q6<>"",P6<>""),IF(Q6>=P6,1,0),0)+IF(AND(S6<>"",R6<>""),IF(S6>=R6,1,0),0) -> 0 | X6: =IF(AND(I6<>"",H6<>""),1,0)+IF(AND(K6<>"",J6<>""),1,0)+IF(AND(M6<>"",L6<>""),1,0)+IF(AND(O6<>"",N6<>""),1,0)+IF(AND(Q6<>"",P6<>""),1,0)+IF(AND(S6<>"",R6<>""),1,0) -> 0 | Y6: =IF(X6=0,"",W6/X6) | Z6: =IF(X6=0,"",(IF(AND(I6<>"",H6<>""),I6-H6,0)+IF(AND(K6<>"",J6<>""),K6-J6,0)+IF(AND(M6<>"",L6<>""),M6-L6,0)+IF(AND(O6<>"",N6<>""),O6-N6,0)+IF(AND(Q6<>"",P6<>""),Q6-P6,0)+IF(AND(S6<>"",R6<>""),S6-R6,0))/X6)
B7: E3 | C7: estricta lenta | D7: completa | E7: reps | F7: =IF(E7="reps",3,4) -> 3 | G7: =IF(E7="reps",8,12) -> 8 | H7: =F7 -> 3 | J7: =IF(I7="","",IF(FALSE(),F7,MIN(G7,I7+IF(E7="s",Reglas!$C$7,Reglas!$C$6)))) | L7: =IF(K7="","",IF(AND(K7>=G7,I7>=G7),F7,MIN(G7,K7+IF(E7="s",Reglas!$C$7,Reglas!$C$6)))) | N7: =IF(M7="","",IF(AND(M7>=G7,K7>=G7),F7,MIN(G7,M7+IF(E7="s",Reglas!$C$7,Reglas!$C$6)))) | P7: =IF(O7="","",IF(AND(O7>=G7,M7>=G7),F7,MIN(G7,O7+IF(E7="s",Reglas!$C$7,Reglas!$C$6)))) | R7: =IF(Q7="","",IF(AND(Q7>=G7,O7>=G7),F7,MIN(G7,Q7+IF(E7="s",Reglas!$C$7,Reglas!$C$6)))) | T7: =IF(S7<>"",S7,IF(Q7<>"",Q7,IF(O7<>"",O7,IF(M7<>"",M7,IF(K7<>"",K7,IF(I7<>"",I7,"")))))) | U7: =IF(B7="hold final","al fallo",IF(T7="",F7&" (piso)",IF(AND(T7>=G7,IF(AND(S7<>"",TRUE()),Q7,IF(AND(Q7<>"",S7=""),O7,IF(AND(O7<>"",Q7=""),M7,IF(AND(M7<>"",O7=""),K7,IF(AND(K7<>"",M7=""),I7,0)))))>=G7),F7&" (piso, progresión nueva)",MIN(G7,T7+IF(E7="s",Reglas!$C$7,Reglas!$C$6))))) -> 3 (piso) | V7: =IF(B7="hold final","",IF(T7="","sin datos",IF(AND(T7>=G7,IF(AND(S7<>"",TRUE()),Q7,IF(AND(Q7<>"",S7=""),O7,IF(AND(O7<>"",Q7=""),M7,IF(AND(M7<>"",O7=""),K7,IF(AND(K7<>"",M7=""),I7,0)))))>=G7),"⬆ SUBIR de progresión",IF(T7>=G7,"techo 1 de 2",IF(T7<F7,"bajo el piso: revisar","en rango"))))) -> sin datos | W7: =IF(AND(I7<>"",H7<>""),IF(I7>=H7,1,0),0)+IF(AND(K7<>"",J7<>""),IF(K7>=J7,1,0),0)+IF(AND(M7<>"",L7<>""),IF(M7>=L7,1,0),0)+IF(AND(O7<>"",N7<>""),IF(O7>=N7,1,0),0)+IF(AND(Q7<>"",P7<>""),IF(Q7>=P7,1,0),0)+IF(AND(S7<>"",R7<>""),IF(S7>=R7,1,0),0) -> 0 | X7: =IF(AND(I7<>"",H7<>""),1,0)+IF(AND(K7<>"",J7<>""),1,0)+IF(AND(M7<>"",L7<>""),1,0)+IF(AND(O7<>"",N7<>""),1,0)+IF(AND(Q7<>"",P7<>""),1,0)+IF(AND(S7<>"",R7<>""),1,0) -> 0 | Y7: =IF(X7=0,"",W7/X7) | Z7: =IF(X7=0,"",(IF(AND(I7<>"",H7<>""),I7-H7,0)+IF(AND(K7<>"",J7<>""),K7-J7,0)+IF(AND(M7<>"",L7<>""),M7-L7,0)+IF(AND(O7<>"",N7<>""),O7-N7,0)+IF(AND(Q7<>"",P7<>""),Q7-P7,0)+IF(AND(S7<>"",R7<>""),S7-R7,0))/X7)
B8: hold final | C8: dominada | D8: hold | E8: s | F8: =IF(E8="reps",3,4) -> 4 | G8: =IF(E8="reps",8,12) -> 12 | H8: al fallo | J8: al fallo | L8: al fallo | N8: al fallo | P8: al fallo | R8: al fallo | T8: =IF(S8<>"",S8,IF(Q8<>"",Q8,IF(O8<>"",O8,IF(M8<>"",M8,IF(K8<>"",K8,IF(I8<>"",I8,"")))))) | U8: =IF(B8="hold final","al fallo",IF(T8="",F8&" (piso)",IF(AND(T8>=G8,IF(AND(S8<>"",TRUE()),Q8,IF(AND(Q8<>"",S8=""),O8,IF(AND(O8<>"",Q8=""),M8,IF(AND(M8<>"",O8=""),K8,IF(AND(K8<>"",M8=""),I8,0)))))>=G8),F8&" (piso, progresión nueva)",MIN(G8,T8+IF(E8="s",Reglas!$C$7,Reglas!$C$6))))) -> al fallo | V8: =IF(B8="hold final","",IF(T8="","sin datos",IF(AND(T8>=G8,IF(AND(S8<>"",TRUE()),Q8,IF(AND(Q8<>"",S8=""),O8,IF(AND(O8<>"",Q8=""),M8,IF(AND(M8<>"",O8=""),K8,IF(AND(K8<>"",M8=""),I8,0)))))>=G8),"⬆ SUBIR de progresión",IF(T8>=G8,"techo 1 de 2",IF(T8<F8,"bajo el piso: revisar","en rango")))))
A10: Muscle-up | B10: E1 | C10: estricto | D10: completa | E10: reps | F10: =IF(E10="reps",3,4) -> 3 | G10: =IF(E10="reps",8,12) -> 8 | H10: =F10 -> 3 | J10: =IF(I10="","",IF(FALSE(),F10,MIN(G10,I10+IF(E10="s",Reglas!$C$7,Reglas!$C$6)))) | L10: =IF(K10="","",IF(AND(K10>=G10,I10>=G10),F10,MIN(G10,K10+IF(E10="s",Reglas!$C$7,Reglas!$C$6)))) | N10: =IF(M10="","",IF(AND(M10>=G10,K10>=G10),F10,MIN(G10,M10+IF(E10="s",Reglas!$C$7,Reglas!$C$6)))) | P10: =IF(O10="","",IF(AND(O10>=G10,M10>=G10),F10,MIN(G10,O10+IF(E10="s",Reglas!$C$7,Reglas!$C$6)))) | R10: =IF(Q10="","",IF(AND(Q10>=G10,O10>=G10),F10,MIN(G10,Q10+IF(E10="s",Reglas!$C$7,Reglas!$C$6)))) | T10: =IF(S10<>"",S10,IF(Q10<>"",Q10,IF(O10<>"",O10,IF(M10<>"",M10,IF(K10<>"",K10,IF(I10<>"",I10,"")))))) | U10: =IF(B10="hold final","al fallo",IF(T10="",F10&" (piso)",IF(AND(T10>=G10,IF(AND(S10<>"",TRUE()),Q10,IF(AND(Q10<>"",S10=""),O10,IF(AND(O10<>"",Q10=""),M10,IF(AND(M10<>"",O10=""),K10,IF(AND(K10<>"",M10=""),I10,0)))))>=G10),F10&" (piso, progresión nueva)",MIN(G10,T10+IF(E10="s",Reglas!$C$7,Reglas!$C$6))))) -> 3 (piso) | V10: =IF(B10="hold final","",IF(T10="","sin datos",IF(AND(T10>=G10,IF(AND(S10<>"",TRUE()),Q10,IF(AND(Q10<>"",S10=""),O10,IF(AND(O10<>"",Q10=""),M10,IF(AND(M10<>"",O10=""),K10,IF(AND(K10<>"",M10=""),I10,0)))))>=G10),"⬆ SUBIR de progresión",IF(T10>=G10,"techo 1 de 2",IF(T10<F10,"bajo el piso: revisar","en rango"))))) -> sin datos | W10: =IF(AND(I10<>"",H10<>""),IF(I10>=H10,1,0),0)+IF(AND(K10<>"",J10<>""),IF(K10>=J10,1,0),0)+IF(AND(M10<>"",L10<>""),IF(M10>=L10,1,0),0)+IF(AND(O10<>"",N10<>""),IF(O10>=N10,1,0),0)+IF(AND(Q10<>"",P10<>""),IF(Q10>=P10,1,0),0)+IF(AND(S10<>"",R10<>""),IF(S10>=R10,1,0),0) -> 0 | X10: =IF(AND(I10<>"",H10<>""),1,0)+IF(AND(K10<>"",J10<>""),1,0)+IF(AND(M10<>"",L10<>""),1,0)+IF(AND(O10<>"",N10<>""),1,0)+IF(AND(Q10<>"",P10<>""),1,0)+IF(AND(S10<>"",R10<>""),1,0) -> 0 | Y10: =IF(X10=0,"",W10/X10) | Z10: =IF(X10=0,"",(IF(AND(I10<>"",H10<>""),I10-H10,0)+IF(AND(K10<>"",J10<>""),K10-J10,0)+IF(AND(M10<>"",L10<>""),M10-L10,0)+IF(AND(O10<>"",N10<>""),O10-N10,0)+IF(AND(Q10<>"",P10<>""),Q10-P10,0)+IF(AND(S10<>"",R10<>""),S10-R10,0))/X10)
B11: E2 | C11: estricto | D11: negativa | E11: reps | F11: =IF(E11="reps",3,4) -> 3 | G11: =IF(E11="reps",8,12) -> 8 | H11: =F11 -> 3 | J11: =IF(I11="","",IF(FALSE(),F11,MIN(G11,I11+IF(E11="s",Reglas!$C$7,Reglas!$C$6)))) | L11: =IF(K11="","",IF(AND(K11>=G11,I11>=G11),F11,MIN(G11,K11+IF(E11="s",Reglas!$C$7,Reglas!$C$6)))) | N11: =IF(M11="","",IF(AND(M11>=G11,K11>=G11),F11,MIN(G11,M11+IF(E11="s",Reglas!$C$7,Reglas!$C$6)))) | P11: =IF(O11="","",IF(AND(O11>=G11,M11>=G11),F11,MIN(G11,O11+IF(E11="s",Reglas!$C$7,Reglas!$C$6)))) | R11: =IF(Q11="","",IF(AND(Q11>=G11,O11>=G11),F11,MIN(G11,Q11+IF(E11="s",Reglas!$C$7,Reglas!$C$6)))) | T11: =IF(S11<>"",S11,IF(Q11<>"",Q11,IF(O11<>"",O11,IF(M11<>"",M11,IF(K11<>"",K11,IF(I11<>"",I11,"")))))) | U11: =IF(B11="hold final","al fallo",IF(T11="",F11&" (piso)",IF(AND(T11>=G11,IF(AND(S11<>"",TRUE()),Q11,IF(AND(Q11<>"",S11=""),O11,IF(AND(O11<>"",Q11=""),M11,IF(AND(M11<>"",O11=""),K11,IF(AND(K11<>"",M11=""),I11,0)))))>=G11),F11&" (piso, progresión nueva)",MIN(G11,T11+IF(E11="s",Reglas!$C$7,Reglas!$C$6))))) -> 3 (piso) | V11: =IF(B11="hold final","",IF(T11="","sin datos",IF(AND(T11>=G11,IF(AND(S11<>"",TRUE()),Q11,IF(AND(Q11<>"",S11=""),O11,IF(AND(O11<>"",Q11=""),M11,IF(AND(M11<>"",O11=""),K11,IF(AND(K11<>"",M11=""),I11,0)))))>=G11),"⬆ SUBIR de progresión",IF(T11>=G11,"techo 1 de 2",IF(T11<F11,"bajo el piso: revisar","en rango"))))) -> sin datos | W11: =IF(AND(I11<>"",H11<>""),IF(I11>=H11,1,0),0)+IF(AND(K11<>"",J11<>""),IF(K11>=J11,1,0),0)+IF(AND(M11<>"",L11<>""),IF(M11>=L11,1,0),0)+IF(AND(O11<>"",N11<>""),IF(O11>=N11,1,0),0)+IF(AND(Q11<>"",P11<>""),IF(Q11>=P11,1,0),0)+IF(AND(S11<>"",R11<>""),IF(S11>=R11,1,0),0) -> 0 | X11: =IF(AND(I11<>"",H11<>""),1,0)+IF(AND(K11<>"",J11<>""),1,0)+IF(AND(M11<>"",L11<>""),1,0)+IF(AND(O11<>"",N11<>""),1,0)+IF(AND(Q11<>"",P11<>""),1,0)+IF(AND(S11<>"",R11<>""),1,0) -> 0 | Y11: =IF(X11=0,"",W11/X11) | Z11: =IF(X11=0,"",(IF(AND(I11<>"",H11<>""),I11-H11,0)+IF(AND(K11<>"",J11<>""),K11-J11,0)+IF(AND(M11<>"",L11<>""),M11-L11,0)+IF(AND(O11<>"",N11<>""),O11-N11,0)+IF(AND(Q11<>"",P11<>""),Q11-P11,0)+IF(AND(S11<>"",R11<>""),S11-R11,0))/X11)
B12: E3 | C12: al pecho | D12: completa | E12: reps | F12: =IF(E12="reps",3,4) -> 3 | G12: =IF(E12="reps",8,12) -> 8 | H12: =F12 -> 3 | J12: =IF(I12="","",IF(FALSE(),F12,MIN(G12,I12+IF(E12="s",Reglas!$C$7,Reglas!$C$6)))) | L12: =IF(K12="","",IF(AND(K12>=G12,I12>=G12),F12,MIN(G12,K12+IF(E12="s",Reglas!$C$7,Reglas!$C$6)))) | N12: =IF(M12="","",IF(AND(M12>=G12,K12>=G12),F12,MIN(G12,M12+IF(E12="s",Reglas!$C$7,Reglas!$C$6)))) | P12: =IF(O12="","",IF(AND(O12>=G12,M12>=G12),F12,MIN(G12,O12+IF(E12="s",Reglas!$C$7,Reglas!$C$6)))) | R12: =IF(Q12="","",IF(AND(Q12>=G12,O12>=G12),F12,MIN(G12,Q12+IF(E12="s",Reglas!$C$7,Reglas!$C$6)))) | T12: =IF(S12<>"",S12,IF(Q12<>"",Q12,IF(O12<>"",O12,IF(M12<>"",M12,IF(K12<>"",K12,IF(I12<>"",I12,"")))))) | U12: =IF(B12="hold final","al fallo",IF(T12="",F12&" (piso)",IF(AND(T12>=G12,IF(AND(S12<>"",TRUE()),Q12,IF(AND(Q12<>"",S12=""),O12,IF(AND(O12<>"",Q12=""),M12,IF(AND(M12<>"",O12=""),K12,IF(AND(K12<>"",M12=""),I12,0)))))>=G12),F12&" (piso, progresión nueva)",MIN(G12,T12+IF(E12="s",Reglas!$C$7,Reglas!$C$6))))) -> 3 (piso) | V12: =IF(B12="hold final","",IF(T12="","sin datos",IF(AND(T12>=G12,IF(AND(S12<>"",TRUE()),Q12,IF(AND(Q12<>"",S12=""),O12,IF(AND(O12<>"",Q12=""),M12,IF(AND(M12<>"",O12=""),K12,IF(AND(K12<>"",M12=""),I12,0)))))>=G12),"⬆ SUBIR de progresión",IF(T12>=G12,"techo 1 de 2",IF(T12<F12,"bajo el piso: revisar","en rango"))))) -> sin datos | W12: =IF(AND(I12<>"",H12<>""),IF(I12>=H12,1,0),0)+IF(AND(K12<>"",J12<>""),IF(K12>=J12,1,0),0)+IF(AND(M12<>"",L12<>""),IF(M12>=L12,1,0),0)+IF(AND(O12<>"",N12<>""),IF(O12>=N12,1,0),0)+IF(AND(Q12<>"",P12<>""),IF(Q12>=P12,1,0),0)+IF(AND(S12<>"",R12<>""),IF(S12>=R12,1,0),0) -> 0 | X12: =IF(AND(I12<>"",H12<>""),1,0)+IF(AND(K12<>"",J12<>""),1,0)+IF(AND(M12<>"",L12<>""),1,0)+IF(AND(O12<>"",N12<>""),1,0)+IF(AND(Q12<>"",P12<>""),1,0)+IF(AND(S12<>"",R12<>""),1,0) -> 0 | Y12: =IF(X12=0,"",W12/X12) | Z12: =IF(X12=0,"",(IF(AND(I12<>"",H12<>""),I12-H12,0)+IF(AND(K12<>"",J12<>""),K12-J12,0)+IF(AND(M12<>"",L12<>""),M12-L12,0)+IF(AND(O12<>"",N12<>""),O12-N12,0)+IF(AND(Q12<>"",P12<>""),Q12-P12,0)+IF(AND(S12<>"",R12<>""),S12-R12,0))/X12)
B13: hold final | C13: dominada | D13: hold | E13: s | F13: =IF(E13="reps",3,4) -> 4 | G13: =IF(E13="reps",8,12) -> 12 | H13: al fallo | J13: al fallo | L13: al fallo | N13: al fallo | P13: al fallo | R13: al fallo | T13: =IF(S13<>"",S13,IF(Q13<>"",Q13,IF(O13<>"",O13,IF(M13<>"",M13,IF(K13<>"",K13,IF(I13<>"",I13,"")))))) | U13: =IF(B13="hold final","al fallo",IF(T13="",F13&" (piso)",IF(AND(T13>=G13,IF(AND(S13<>"",TRUE()),Q13,IF(AND(Q13<>"",S13=""),O13,IF(AND(O13<>"",Q13=""),M13,IF(AND(M13<>"",O13=""),K13,IF(AND(K13<>"",M13=""),I13,0)))))>=G13),F13&" (piso, progresión nueva)",MIN(G13,T13+IF(E13="s",Reglas!$C$7,Reglas!$C$6))))) -> al fallo | V13: =IF(B13="hold final","",IF(T13="","sin datos",IF(AND(T13>=G13,IF(AND(S13<>"",TRUE()),Q13,IF(AND(Q13<>"",S13=""),O13,IF(AND(O13<>"",Q13=""),M13,IF(AND(M13<>"",O13=""),K13,IF(AND(K13<>"",M13=""),I13,0)))))>=G13),"⬆ SUBIR de progresión",IF(T13>=G13,"techo 1 de 2",IF(T13<F13,"bajo el piso: revisar","en rango")))))
A15: Fondo a pelícano | B15: E1 | C15: pelícano | D15: completa | E15: reps | F15: =IF(E15="reps",3,4) -> 3 | G15: =IF(E15="reps",8,12) -> 8 | H15: =F15 -> 3 | J15: =IF(I15="","",IF(FALSE(),F15,MIN(G15,I15+IF(E15="s",Reglas!$C$7,Reglas!$C$6)))) | L15: =IF(K15="","",IF(AND(K15>=G15,I15>=G15),F15,MIN(G15,K15+IF(E15="s",Reglas!$C$7,Reglas!$C$6)))) | N15: =IF(M15="","",IF(AND(M15>=G15,K15>=G15),F15,MIN(G15,M15+IF(E15="s",Reglas!$C$7,Reglas!$C$6)))) | P15: =IF(O15="","",IF(AND(O15>=G15,M15>=G15),F15,MIN(G15,O15+IF(E15="s",Reglas!$C$7,Reglas!$C$6)))) | R15: =IF(Q15="","",IF(AND(Q15>=G15,O15>=G15),F15,MIN(G15,Q15+IF(E15="s",Reglas!$C$7,Reglas!$C$6)))) | T15: =IF(S15<>"",S15,IF(Q15<>"",Q15,IF(O15<>"",O15,IF(M15<>"",M15,IF(K15<>"",K15,IF(I15<>"",I15,"")))))) | U15: =IF(B15="hold final","al fallo",IF(T15="",F15&" (piso)",IF(AND(T15>=G15,IF(AND(S15<>"",TRUE()),Q15,IF(AND(Q15<>"",S15=""),O15,IF(AND(O15<>"",Q15=""),M15,IF(AND(M15<>"",O15=""),K15,IF(AND(K15<>"",M15=""),I15,0)))))>=G15),F15&" (piso, progresión nueva)",MIN(G15,T15+IF(E15="s",Reglas!$C$7,Reglas!$C$6))))) -> 3 (piso) | V15: =IF(B15="hold final","",IF(T15="","sin datos",IF(AND(T15>=G15,IF(AND(S15<>"",TRUE()),Q15,IF(AND(Q15<>"",S15=""),O15,IF(AND(O15<>"",Q15=""),M15,IF(AND(M15<>"",O15=""),K15,IF(AND(K15<>"",M15=""),I15,0)))))>=G15),"⬆ SUBIR de progresión",IF(T15>=G15,"techo 1 de 2",IF(T15<F15,"bajo el piso: revisar","en rango"))))) -> sin datos | W15: =IF(AND(I15<>"",H15<>""),IF(I15>=H15,1,0),0)+IF(AND(K15<>"",J15<>""),IF(K15>=J15,1,0),0)+IF(AND(M15<>"",L15<>""),IF(M15>=L15,1,0),0)+IF(AND(O15<>"",N15<>""),IF(O15>=N15,1,0),0)+IF(AND(Q15<>"",P15<>""),IF(Q15>=P15,1,0),0)+IF(AND(S15<>"",R15<>""),IF(S15>=R15,1,0),0) -> 0 | X15: =IF(AND(I15<>"",H15<>""),1,0)+IF(AND(K15<>"",J15<>""),1,0)+IF(AND(M15<>"",L15<>""),1,0)+IF(AND(O15<>"",N15<>""),1,0)+IF(AND(Q15<>"",P15<>""),1,0)+IF(AND(S15<>"",R15<>""),1,0) -> 0 | Y15: =IF(X15=0,"",W15/X15) | Z15: =IF(X15=0,"",(IF(AND(I15<>"",H15<>""),I15-H15,0)+IF(AND(K15<>"",J15<>""),K15-J15,0)+IF(AND(M15<>"",L15<>""),M15-L15,0)+IF(AND(O15<>"",N15<>""),O15-N15,0)+IF(AND(Q15<>"",P15<>""),Q15-P15,0)+IF(AND(S15<>"",R15<>""),S15-R15,0))/X15)
B16: E2 | C16: pelícano | D16: negativa | E16: reps | F16: =IF(E16="reps",3,4) -> 3 | G16: =IF(E16="reps",8,12) -> 8 | H16: =F16 -> 3 | J16: =IF(I16="","",IF(FALSE(),F16,MIN(G16,I16+IF(E16="s",Reglas!$C$7,Reglas!$C$6)))) | L16: =IF(K16="","",IF(AND(K16>=G16,I16>=G16),F16,MIN(G16,K16+IF(E16="s",Reglas!$C$7,Reglas!$C$6)))) | N16: =IF(M16="","",IF(AND(M16>=G16,K16>=G16),F16,MIN(G16,M16+IF(E16="s",Reglas!$C$7,Reglas!$C$6)))) | P16: =IF(O16="","",IF(AND(O16>=G16,M16>=G16),F16,MIN(G16,O16+IF(E16="s",Reglas!$C$7,Reglas!$C$6)))) | R16: =IF(Q16="","",IF(AND(Q16>=G16,O16>=G16),F16,MIN(G16,Q16+IF(E16="s",Reglas!$C$7,Reglas!$C$6)))) | T16: =IF(S16<>"",S16,IF(Q16<>"",Q16,IF(O16<>"",O16,IF(M16<>"",M16,IF(K16<>"",K16,IF(I16<>"",I16,"")))))) | U16: =IF(B16="hold final","al fallo",IF(T16="",F16&" (piso)",IF(AND(T16>=G16,IF(AND(S16<>"",TRUE()),Q16,IF(AND(Q16<>"",S16=""),O16,IF(AND(O16<>"",Q16=""),M16,IF(AND(M16<>"",O16=""),K16,IF(AND(K16<>"",M16=""),I16,0)))))>=G16),F16&" (piso, progresión nueva)",MIN(G16,T16+IF(E16="s",Reglas!$C$7,Reglas!$C$6))))) -> 3 (piso) | V16: =IF(B16="hold final","",IF(T16="","sin datos",IF(AND(T16>=G16,IF(AND(S16<>"",TRUE()),Q16,IF(AND(Q16<>"",S16=""),O16,IF(AND(O16<>"",Q16=""),M16,IF(AND(M16<>"",O16=""),K16,IF(AND(K16<>"",M16=""),I16,0)))))>=G16),"⬆ SUBIR de progresión",IF(T16>=G16,"techo 1 de 2",IF(T16<F16,"bajo el piso: revisar","en rango"))))) -> sin datos | W16: =IF(AND(I16<>"",H16<>""),IF(I16>=H16,1,0),0)+IF(AND(K16<>"",J16<>""),IF(K16>=J16,1,0),0)+IF(AND(M16<>"",L16<>""),IF(M16>=L16,1,0),0)+IF(AND(O16<>"",N16<>""),IF(O16>=N16,1,0),0)+IF(AND(Q16<>"",P16<>""),IF(Q16>=P16,1,0),0)+IF(AND(S16<>"",R16<>""),IF(S16>=R16,1,0),0) -> 0 | X16: =IF(AND(I16<>"",H16<>""),1,0)+IF(AND(K16<>"",J16<>""),1,0)+IF(AND(M16<>"",L16<>""),1,0)+IF(AND(O16<>"",N16<>""),1,0)+IF(AND(Q16<>"",P16<>""),1,0)+IF(AND(S16<>"",R16<>""),1,0) -> 0 | Y16: =IF(X16=0,"",W16/X16) | Z16: =IF(X16=0,"",(IF(AND(I16<>"",H16<>""),I16-H16,0)+IF(AND(K16<>"",J16<>""),K16-J16,0)+IF(AND(M16<>"",L16<>""),M16-L16,0)+IF(AND(O16<>"",N16<>""),O16-N16,0)+IF(AND(Q16<>"",P16<>""),Q16-P16,0)+IF(AND(S16<>"",R16<>""),S16-R16,0))/X16)
B17: E3 | C17: supinado profundo | D17: completa | E17: reps | F17: =IF(E17="reps",3,4) -> 3 | G17: =IF(E17="reps",8,12) -> 8 | H17: =F17 -> 3 | J17: =IF(I17="","",IF(FALSE(),F17,MIN(G17,I17+IF(E17="s",Reglas!$C$7,Reglas!$C$6)))) | L17: =IF(K17="","",IF(AND(K17>=G17,I17>=G17),F17,MIN(G17,K17+IF(E17="s",Reglas!$C$7,Reglas!$C$6)))) | N17: =IF(M17="","",IF(AND(M17>=G17,K17>=G17),F17,MIN(G17,M17+IF(E17="s",Reglas!$C$7,Reglas!$C$6)))) | P17: =IF(O17="","",IF(AND(O17>=G17,M17>=G17),F17,MIN(G17,O17+IF(E17="s",Reglas!$C$7,Reglas!$C$6)))) | R17: =IF(Q17="","",IF(AND(Q17>=G17,O17>=G17),F17,MIN(G17,Q17+IF(E17="s",Reglas!$C$7,Reglas!$C$6)))) | T17: =IF(S17<>"",S17,IF(Q17<>"",Q17,IF(O17<>"",O17,IF(M17<>"",M17,IF(K17<>"",K17,IF(I17<>"",I17,"")))))) | U17: =IF(B17="hold final","al fallo",IF(T17="",F17&" (piso)",IF(AND(T17>=G17,IF(AND(S17<>"",TRUE()),Q17,IF(AND(Q17<>"",S17=""),O17,IF(AND(O17<>"",Q17=""),M17,IF(AND(M17<>"",O17=""),K17,IF(AND(K17<>"",M17=""),I17,0)))))>=G17),F17&" (piso, progresión nueva)",MIN(G17,T17+IF(E17="s",Reglas!$C$7,Reglas!$C$6))))) -> 3 (piso) | V17: =IF(B17="hold final","",IF(T17="","sin datos",IF(AND(T17>=G17,IF(AND(S17<>"",TRUE()),Q17,IF(AND(Q17<>"",S17=""),O17,IF(AND(O17<>"",Q17=""),M17,IF(AND(M17<>"",O17=""),K17,IF(AND(K17<>"",M17=""),I17,0)))))>=G17),"⬆ SUBIR de progresión",IF(T17>=G17,"techo 1 de 2",IF(T17<F17,"bajo el piso: revisar","en rango"))))) -> sin datos | W17: =IF(AND(I17<>"",H17<>""),IF(I17>=H17,1,0),0)+IF(AND(K17<>"",J17<>""),IF(K17>=J17,1,0),0)+IF(AND(M17<>"",L17<>""),IF(M17>=L17,1,0),0)+IF(AND(O17<>"",N17<>""),IF(O17>=N17,1,0),0)+IF(AND(Q17<>"",P17<>""),IF(Q17>=P17,1,0),0)+IF(AND(S17<>"",R17<>""),IF(S17>=R17,1,0),0) -> 0 | X17: =IF(AND(I17<>"",H17<>""),1,0)+IF(AND(K17<>"",J17<>""),1,0)+IF(AND(M17<>"",L17<>""),1,0)+IF(AND(O17<>"",N17<>""),1,0)+IF(AND(Q17<>"",P17<>""),1,0)+IF(AND(S17<>"",R17<>""),1,0) -> 0 | Y17: =IF(X17=0,"",W17/X17) | Z17: =IF(X17=0,"",(IF(AND(I17<>"",H17<>""),I17-H17,0)+IF(AND(K17<>"",J17<>""),K17-J17,0)+IF(AND(M17<>"",L17<>""),M17-L17,0)+IF(AND(O17<>"",N17<>""),O17-N17,0)+IF(AND(Q17<>"",P17<>""),Q17-P17,0)+IF(AND(S17<>"",R17<>""),S17-R17,0))/X17)
B18: hold final | C18: anillas | D18: hold | E18: s | F18: =IF(E18="reps",3,4) -> 4 | G18: =IF(E18="reps",8,12) -> 12 | H18: al fallo | J18: al fallo | L18: al fallo | N18: al fallo | P18: al fallo | R18: al fallo | T18: =IF(S18<>"",S18,IF(Q18<>"",Q18,IF(O18<>"",O18,IF(M18<>"",M18,IF(K18<>"",K18,IF(I18<>"",I18,"")))))) | U18: =IF(B18="hold final","al fallo",IF(T18="",F18&" (piso)",IF(AND(T18>=G18,IF(AND(S18<>"",TRUE()),Q18,IF(AND(Q18<>"",S18=""),O18,IF(AND(O18<>"",Q18=""),M18,IF(AND(M18<>"",O18=""),K18,IF(AND(K18<>"",M18=""),I18,0)))))>=G18),F18&" (piso, progresión nueva)",MIN(G18,T18+IF(E18="s",Reglas!$C$7,Reglas!$C$6))))) -> al fallo | V18: =IF(B18="hold final","",IF(T18="","sin datos",IF(AND(T18>=G18,IF(AND(S18<>"",TRUE()),Q18,IF(AND(Q18<>"",S18=""),O18,IF(AND(O18<>"",Q18=""),M18,IF(AND(M18<>"",O18=""),K18,IF(AND(K18<>"",M18=""),I18,0)))))>=G18),"⬆ SUBIR de progresión",IF(T18>=G18,"techo 1 de 2",IF(T18<F18,"bajo el piso: revisar","en rango")))))

Sheet Combos
A1: CONQUER · Rutina Mati y Nach
A2: COMBOS
A3: Por combo, dos datos por semana: con qué progresión arrancaste y cuántas series completaste. Amarillo = lo completás vos.
B4: Press | C4: Push | D4: Hold | E4: S1 objetivo | F4: S1 real | G4: S2 objetivo | H4: S2 real | I4: S3 objetivo | J4: S3 real | K4: S4 objetivo | L4: S4 real | M4: S5 objetivo | N4: S5 real | O4: S6 objetivo | P4: S6 real | Q4: Última | R4: Estado
A5: PLANCHA · apertura | B5: Press de plancha | C5: Push-up en plancha | D5: Hold de plancha | E5: 3 series, 4 desde S3 · al fallo
A6: Progresión de arranque | E6: straddle | G6: =IF(F6="","",F6) | I6: =IF(H6="","",H6) | K6: =IF(J6="","",J6) | M6: =IF(L6="","",L6) | O6: =IF(N6="","",N6) | Q6: =IF(P6<>"",P6,IF(N6<>"",N6,IF(L6<>"",L6,IF(J6<>"",J6,IF(H6<>"",H6,IF(F6<>"",F6,""))))))
A7: Series completadas | E7: 3 | G7: 3 | I7: 4 | K7: 4 | M7: 4 | O7: 4 | Q7: =IF(P7<>"",P7,IF(N7<>"",N7,IF(L7<>"",L7,IF(J7<>"",J7,IF(H7<>"",H7,IF(F7<>"",F7,"")))))) | R7: =IF(Q7="","sin datos",IF(Q7>=IF(P7<>"",O7,IF(N7<>"",M7,IF(L7<>"",K7,IF(J7<>"",I7,IF(H7<>"",G7,IF(F7<>"",E7,"")))))),"✓ completo","faltaron "&(IF(P7<>"",O7,IF(N7<>"",M7,IF(L7<>"",K7,IF(J7<>"",I7,IF(H7<>"",G7,IF(F7<>"",E7,""))))))-Q7))) -> sin datos
A9: FRONT · apertura | B9: Press a front lever | C9: Pull-up en front lever | D9: Hold de front lever | E9: 3 series, 4 desde S3 · al fallo
A10: Progresión de arranque | E10: straddle | G10: =IF(F10="","",F10) | I10: =IF(H10="","",H10) | K10: =IF(J10="","",J10) | M10: =IF(L10="","",L10) | O10: =IF(N10="","",N10) | Q10: =IF(P10<>"",P10,IF(N10<>"",N10,IF(L10<>"",L10,IF(J10<>"",J10,IF(H10<>"",H10,IF(F10<>"",F10,""))))))
A11: Series completadas | E11: 3 | G11: 3 | I11: 4 | K11: 4 | M11: 4 | O11: 4 | Q11: =IF(P11<>"",P11,IF(N11<>"",N11,IF(L11<>"",L11,IF(J11<>"",J11,IF(H11<>"",H11,IF(F11<>"",F11,"")))))) | R11: =IF(Q11="","sin datos",IF(Q11>=IF(P11<>"",O11,IF(N11<>"",M11,IF(L11<>"",K11,IF(J11<>"",I11,IF(H11<>"",G11,IF(F11<>"",E11,"")))))),"✓ completo","faltaron "&(IF(P11<>"",O11,IF(N11<>"",M11,IF(L11<>"",K11,IF(J11<>"",I11,IF(H11<>"",G11,IF(F11<>"",E11,""))))))-Q11))) -> sin datos
A13: VERTICAL · apertura | B13: 90° press | C13: HSPU | D13: Hold de plancha | E13: 3 series, 4 desde S3 · al fallo
A14: Progresión de arranque | E14: straddle | G14: =IF(F14="","",F14) | I14: =IF(H14="","",H14) | K14: =IF(J14="","",J14) | M14: =IF(L14="","",L14) | O14: =IF(N14="","",N14) | Q14: =IF(P14<>"",P14,IF(N14<>"",N14,IF(L14<>"",L14,IF(J14<>"",J14,IF(H14<>"",H14,IF(F14<>"",F14,""))))))
A15: Series completadas | E15: 3 | G15: 3 | I15: 4 | K15: 4 | M15: 4 | O15: 4 | Q15: =IF(P15<>"",P15,IF(N15<>"",N15,IF(L15<>"",L15,IF(J15<>"",J15,IF(H15<>"",H15,IF(F15<>"",F15,"")))))) | R15: =IF(Q15="","sin datos",IF(Q15>=IF(P15<>"",O15,IF(N15<>"",M15,IF(L15<>"",K15,IF(J15<>"",I15,IF(H15<>"",G15,IF(F15<>"",E15,"")))))),"✓ completo","faltaron "&(IF(P15<>"",O15,IF(N15<>"",M15,IF(L15<>"",K15,IF(J15<>"",I15,IF(H15<>"",G15,IF(F15<>"",E15,""))))))-Q15))) -> sin datos
A17: DOMINADAS · apertura | B17: Press a front lever | C17: Muscle-up | D17: Hold de front lever | E17: 3 series, 4 desde S3 · al fallo
A18: Progresión de arranque | E18: straddle | G18: =IF(F18="","",F18) | I18: =IF(H18="","",H18) | K18: =IF(J18="","",J18) | M18: =IF(L18="","",L18) | O18: =IF(N18="","",N18) | Q18: =IF(P18<>"",P18,IF(N18<>"",N18,IF(L18<>"",L18,IF(J18<>"",J18,IF(H18<>"",H18,IF(F18<>"",F18,""))))))
A19: Series completadas | E19: 3 | G19: 3 | I19: 4 | K19: 4 | M19: 4 | O19: 4 | Q19: =IF(P19<>"",P19,IF(N19<>"",N19,IF(L19<>"",L19,IF(J19<>"",J19,IF(H19<>"",H19,IF(F19<>"",F19,"")))))) | R19: =IF(Q19="","sin datos",IF(Q19>=IF(P19<>"",O19,IF(N19<>"",M19,IF(L19<>"",K19,IF(J19<>"",I19,IF(H19<>"",G19,IF(F19<>"",E19,"")))))),"✓ completo","faltaron "&(IF(P19<>"",O19,IF(N19<>"",M19,IF(L19<>"",K19,IF(J19<>"",I19,IF(H19<>"",G19,IF(F19<>"",E19,""))))))-Q19))) -> sin datos
A21: SÁBADO · PUSH | B21: Press de plancha | C21: HSPU | D21: Hold de plancha | E21: 3 máx + 10 drops = 13 series
A22: Progresión de arranque | E22: straddle | G22: =IF(F22="","",F22) | I22: =IF(H22="","",H22) | K22: =IF(J22="","",J22) | M22: =IF(L22="","",L22) | O22: =IF(N22="","",N22) | Q22: =IF(P22<>"",P22,IF(N22<>"",N22,IF(L22<>"",L22,IF(J22<>"",J22,IF(H22<>"",H22,IF(F22<>"",F22,""))))))
A23: Series completadas | E23: 13 | G23: 13 | I23: 13 | K23: 13 | M23: 13 | O23: 13 | Q23: =IF(P23<>"",P23,IF(N23<>"",N23,IF(L23<>"",L23,IF(J23<>"",J23,IF(H23<>"",H23,IF(F23<>"",F23,"")))))) | R23: =IF(Q23="","sin datos",IF(Q23>=IF(P23<>"",O23,IF(N23<>"",M23,IF(L23<>"",K23,IF(J23<>"",I23,IF(H23<>"",G23,IF(F23<>"",E23,"")))))),"✓ completo","faltaron "&(IF(P23<>"",O23,IF(N23<>"",M23,IF(L23<>"",K23,IF(J23<>"",I23,IF(H23<>"",G23,IF(F23<>"",E23,""))))))-Q23))) -> sin datos
A25: SÁBADO · PULL | B25: Press a front lever | C25: Muscle-up | D25: Hold de front lever | E25: 3 máx + 10 drops = 13 series
A26: Progresión de arranque | E26: straddle | G26: =IF(F26="","",F26) | I26: =IF(H26="","",H26) | K26: =IF(J26="","",J26) | M26: =IF(L26="","",L26) | O26: =IF(N26="","",N26) | Q26: =IF(P26<>"",P26,IF(N26<>"",N26,IF(L26<>"",L26,IF(J26<>"",J26,IF(H26<>"",H26,IF(F26<>"",F26,""))))))
A27: Series completadas | E27: 13 | G27: 13 | I27: 13 | K27: 13 | M27: 13 | O27: 13 | Q27: =IF(P27<>"",P27,IF(N27<>"",N27,IF(L27<>"",L27,IF(J27<>"",J27,IF(H27<>"",H27,IF(F27<>"",F27,"")))))) | R27: =IF(Q27="","sin datos",IF(Q27>=IF(P27<>"",O27,IF(N27<>"",M27,IF(L27<>"",K27,IF(J27<>"",I27,IF(H27<>"",G27,IF(F27<>"",E27,"")))))),"✓ completo","faltaron "&(IF(P27<>"",O27,IF(N27<>"",M27,IF(L27<>"",K27,IF(J27<>"",I27,IF(H27<>"",G27,IF(F27<>"",E27,""))))))-Q27))) -> sin datos

Sheet Gráficos
A1: CONQUER · Gráficos
A2: Se dibujan solos con lo que cargás. Vacíos hasta que haya datos.
A3: Si no ves los gráficos acá, abrí el archivo en Excel o Google Sheets: la vista previa no los dibuja. La hoja Simulación tiene imágenes de cómo se van a ver.

Sheet Modelo
B2: Modelo predictivo · ¿la predicción acierta?
B3: Se llena solo con lo que cargás en las hojas de cada día. Si el % de acierto es alto y el Δ es positivo, el cuerpo va más rápido que el modelo: subí el incremento en Reglas. Si el Δ es negativo seguido, va más lento: bajalo o revisá la dosis.
B5: Día | C5: Aciertos | D5: Sesiones | E5: % acierto | F5: Δ medio (real − prev)
B6: Plancha | C6: =SUM(Plancha!W5:W60) -> 4 | D6: =SUM(Plancha!X5:X60) -> 4 | E6: =IF(D6=0,"",C6/D6) -> 1 | F6: =IF(D6=0,"",SUMPRODUCT((Plancha!Z5:Z60<>"")*(Plancha!X5:X60)*N(+Plancha!Z5:Z60))/D6) -> 0.75
B7: Front | C7: =SUM(Front!W5:W60) -> 0 | D7: =SUM(Front!X5:X60) -> 0 | E7: =IF(D7=0,"",C7/D7) | F7: =IF(D7=0,"",SUMPRODUCT((Front!Z5:Z60<>"")*(Front!X5:X60)*N(+Front!Z5:Z60))/D7)
B8: Vertical | C8: =SUM(Vertical!W5:W60) -> 0 | D8: =SUM(Vertical!X5:X60) -> 0 | E8: =IF(D8=0,"",C8/D8) | F8: =IF(D8=0,"",SUMPRODUCT((Vertical!Z5:Z60<>"")*(Vertical!X5:X60)*N(+Vertical!Z5:Z60))/D8)
B9: Dominadas | C9: =SUM(Dominadas!W5:W60) -> 0 | D9: =SUM(Dominadas!X5:X60) -> 0 | E9: =IF(D9=0,"",C9/D9) | F9: =IF(D9=0,"",SUMPRODUCT((Dominadas!Z5:Z60<>"")*(Dominadas!X5:X60)*N(+Dominadas!Z5:Z60))/D9)
B10: Total | C10: =SUM(C6:C9) -> 4 | D10: =SUM(D6:D9) -> 4 | E10: =IF(D10=0,"",C10/D10) -> 1 | F10: =IF(D10=0,"",SUMPRODUCT(D6:D9,N(+F6:F9))/D10) -> 0.75

Sheet Escaleras
A1: CONQUER · Escaleras
A3: Escaleras de progresión · de más dura (arriba) a más fácil (abajo). Editá o agregá; los desplegables leen de acá.
A4: Palanca | B4: HSPU | C4: 90° press | D4: Planche push-up | E4: Tracción vertical | F4: Muscle-up | G4: Fondo | H4: L-sit a plancha | I4: Modo | J4: Progresión (todas) | K4: Press | L4: Push | M4: Hold
A5: full | B5: libre déficit | C5: full | D5: full | E5: one arm | F5: estricto | G5: pelícano | H5: a straddle | I5: completa | J5: full | K5: Press de plancha | L5: Push-up en plancha | M5: Hold de plancha
A6: half lay | B6: libre | C6: straddle | D6: straddle | E6: OAP asistida | F6: con impulso | G6: supinado profundo | H6: a adv tuck | I6: negativa | J6: half lay | K6: 90° press | L6: HSPU | M6: Hold de vertical
A7: straddle | B7: paralelas profundas | C7: adv tuck | D7: super adv tuck | E7: archer | F7: al pecho | G7: anillas profundo | H7: a tuck | I7: hold | J7: straddle | K7: Press a front lever | L7: Pull-up en front lever | M7: Hold de front lever
A8: super adv tuck | B8: pared | C8: tuck | D8: adv tuck | E8: estricta lenta | F8: dominada | G8: anillas | H8: a lean | J8: super adv tuck | L8: Muscle-up | M8: Back lever
A9: adv tuck | B9: wide en piso | C9: pike elevado | D9: tuck | E9: dominada | G9: paralelas profundo | J9: adv tuck | L9: Archer
A10: tuck | B10: pike elevado | D10: pseudo | E10: al pecho | J10: tuck
A11: lean | B11: pike | D11: flexión | J11: lean
J12: pseudo
J13: libre
J14: paralelas profundas
J15: pared
J16: wide en piso
J17: pike elevado
J18: pike
J19: one arm
J20: OAP asistida
J21: archer
J22: estricta lenta
J23: estricto
... J28: anillas

Sheet Datos
A1: CONQUER · Datos
A2: Escalón 1 de cada ejercicio, Real por sesión. Se llena solo desde las hojas de cada día; de acá salen los gráficos.
A3: Las celdas #N/A son sesiones sin cargar todavía: es a propósito, así los gráficos dejan el hueco en vez de dibujar un cero.
A4: Día | B4: Ejercicio (E1) | C4: Tipo | D4: S1 | E4: S2 | F4: S3 | G4: S4 | H4: S5 | I4: S6
A5: Plancha | B5: =Plancha!A5 -> Planche hold | C5: =Plancha!E5 -> s | D5: =IF(Plancha!I5="",NA(),Plancha!I5) -> #N/A | E5: =IF(Plancha!K5="",NA(),Plancha!K5) -> #N/A | F5: =IF(Plancha!M5="",NA(),Plancha!M5) -> #N/A | G5: =IF(Plancha!O5="",NA(),Plancha!O5) -> #N/A | H5: =IF(Plancha!Q5="",NA(),Plancha!Q5) -> #N/A | I5: =IF(Plancha!S5="",NA(),Plancha!S5) -> #N/A
A6: Plancha | B6: =Plancha!A10 -> Planche press | C6: =Plancha!E10 -> reps | D6: =IF(Plancha!I10="",NA(),Plancha!I10) -> 6 | E6: =IF(Plancha!K10="",NA(),Plancha!K10) -> 7 | F6: =IF(Plancha!M10="",NA(),Plancha!M10) -> 8 | G6: =IF(Plancha!O10="",NA(),Plancha!O10) -> 8 | H6: =IF(Plancha!Q10="",NA(),Plancha!Q10) -> #N/A | I6: =IF(Plancha!S10="",NA(),Plancha!S10) -> #N/A
A7: Plancha | B7: =Plancha!A15 -> L-sit a plancha | C7: =Plancha!E15 -> reps | D7: =IF(Plancha!I15="",NA(),Plancha!I15) -> #N/A | E7: =IF(Plancha!K15="",NA(),Plancha!K15) -> #N/A | F7: =IF(Plancha!M15="",NA(),Plancha!M15) -> #N/A | G7: =IF(Plancha!O15="",NA(),Plancha!O15) -> #N/A | H7: =IF(Plancha!Q15="",NA(),Plancha!Q15) -> #N/A | I7: =IF(Plancha!S15="",NA(),Plancha!S15) -> #N/A
A8: Front | B8: =Front!A5 -> Front lever hold | C8: =Front!E5 -> s | D8: =IF(Front!I5="",NA(),Front!I5) -> #N/A | E8: =IF(Front!K5="",NA(),Front!K5) -> #N/A | F8: =IF(Front!M5="",NA(),Front!M5) -> #N/A | G8: =IF(Front!O5="",NA(),Front!O5) -> #N/A | H8: =IF(Front!Q5="",NA(),Front!Q5) -> #N/A | I8: =IF(Front!S5="",NA(),Front!S5) -> #N/A
A9: Front | B9: =Front!A10 -> Pull-ups en FL | C9: =Front!E10 -> reps | D9: =IF(Front!I10="",NA(),Front!I10) -> #N/A | E9: =IF(Front!K10="",NA(),Front!K10) -> #N/A | F9: =IF(Front!M10="",NA(),Front!M10) -> #N/A | G9: =IF(Front!O10="",NA(),Front!O10) -> #N/A | H9: =IF(Front!Q10="",NA(),Front!Q10) -> #N/A | I9: =IF(Front!S10="",NA(),Front!S10) -> #N/A
A10: Front | B10: =Front!A15 -> FL raises | C10: =Front!E15 -> reps | D10: =IF(Front!I15="",NA(),Front!I15) -> #N/A | E10: =IF(Front!K15="",NA(),Front!K15) -> #N/A | F10: =IF(Front!M15="",NA(),Front!M15) -> #N/A | G10: =IF(Front!O15="",NA(),Front!O15) -> #N/A | H10: =IF(Front!Q15="",NA(),Front!Q15) -> #N/A | I10: =IF(Front!S15="",NA(),Front!S15) -> #N/A
A11: Vertical | B11: =Vertical!A5 -> HSPU | C11: =Vertical!E5 -> reps | D11: =IF(Vertical!I5="",NA(),Vertical!I5) -> #N/A | E11: =IF(Vertical!K5="",NA(),Vertical!K5) -> #N/A | F11: =IF(Vertical!M5="",NA(),Vertical!M5) -> #N/A | G11: =IF(Vertical!O5="",NA(),Vertical!O5) -> #N/A | H11: =IF(Vertical!Q5="",NA(),Vertical!Q5) -> #N/A | I11: =IF(Vertical!S5="",NA(),Vertical!S5) -> #N/A
A12: Vertical | B12: =Vertical!A10 -> 90° press | C12: =Vertical!E10 -> reps | D12: =IF(Vertical!I10="",NA(),Vertical!I10) -> #N/A | E12: =IF(Vertical!K10="",NA(),Vertical!K10) -> #N/A | F12: =IF(Vertical!M10="",NA(),Vertical!M10) -> #N/A | G12: =IF(Vertical!O10="",NA(),Vertical!O10) -> #N/A | H12: =IF(Vertical!Q10="",NA(),Vertical!Q10) -> #N/A | I12: =IF(Vertical!S10="",NA(),Vertical!S10) -> #N/A
A13: Vertical | B13: =Vertical!A15 -> Planche push-up | C13: =Vertical!E15 -> reps | D13: =IF(Vertical!I15="",NA(),Vertical!I15) -> #N/A | E13: =IF(Vertical!K15="",NA(),Vertical!K15) -> #N/A | F13: =IF(Vertical!M15="",NA(),Vertical!M15) -> #N/A | G13: =IF(Vertical!O15="",NA(),Vertical!O15) -> #N/A | H13: =IF(Vertical!Q15="",NA(),Vertical!Q15) -> #N/A | I13: =IF(Vertical!S15="",NA(),Vertical!S15) -> #N/A
A14: Dominadas | B14: =Dominadas!A5 -> One arm / archer | C14: =Dominadas!E5 -> reps | D14: =IF(Dominadas!I5="",NA(),Dominadas!I5) -> #N/A | E14: =IF(Dominadas!K5="",NA(),Dominadas!K5) -> #N/A | F14: =IF(Dominadas!M5="",NA(),Dominadas!M5) -> #N/A | G14: =IF(Dominadas!O5="",NA(),Dominadas!O5) -> #N/A | H14: =IF(Dominadas!Q5="",NA(),Dominadas!Q5) -> #N/A | I14: =IF(Dominadas!S5="",NA(),Dominadas!S5) -> #N/A
A15: Dominadas | B15: =Dominadas!A10 -> Muscle-up | C15: =Dominadas!E10 -> reps | D15: =IF(Dominadas!I10="",NA(),Dominadas!I10) -> #N/A | E15: =IF(Dominadas!K10="",NA(),Dominadas!K10) -> #N/A | F15: =IF(Dominadas!M10="",NA(),Dominadas!M10) -> #N/A | G15: =IF(Dominadas!O10="",NA(),Dominadas!O10) -> #N/A | H15: =IF(Dominadas!Q10="",NA(),Dominadas!Q10) -> #N/A | I15: =IF(Dominadas!S10="",NA(),Dominadas!S10) -> #N/A
A16: Dominadas | B16: =Dominadas!A15 -> Fondo a pelícano | C16: =Dominadas!E15 -> reps | D16: =IF(Dominadas!I15="",NA(),Dominadas!I15) -> #N/A | E16: =IF(Dominadas!K15="",NA(),Dominadas!K15) -> #N/A | F16: =IF(Dominadas!M15="",NA(),Dominadas!M15) -> #N/A | G16: =IF(Dominadas!O15="",NA(),Dominadas!O15) -> #N/A | H16: =IF(Dominadas!Q15="",NA(),Dominadas!Q15) -> #N/A | I16: =IF(Dominadas!S15="",NA(),Dominadas!S15) -> #N/A
A18: Prev vs Real · ejercicio 1 de cada día
A19: Plancha | B19: Plancha · prev | D19: =IF(Plancha!H5="",NA(),Plancha!H5) -> 4 | E19: =IF(Plancha!J5="",NA(),Plancha!J5) -> #N/A | F19: =IF(Plancha!L5="",NA(),Plancha!L5) -> #N/A | G19: =IF(Plancha!N5="",NA(),Plancha!N5) -> #N/A | H19: =IF(Plancha!P5="",NA(),Plancha!P5) -> #N/A | I19: =IF(Plancha!R5="",NA(),Plancha!R5) -> #N/A
A20: Plancha | B20: Plancha · real | D20: =IF(Plancha!I5="",NA(),Plancha!I5) -> #N/A | E20: =IF(Plancha!K5="",NA(),Plancha!K5) -> #N/A | F20: =IF(Plancha!M5="",NA(),Plancha!M5) -> #N/A | G20: =IF(Plancha!O5="",NA(),Plancha!O5) -> #N/A | H20: =IF(Plancha!Q5="",NA(),Plancha!Q5) -> #N/A | I20: =IF(Plancha!S5="",NA(),Plancha!S5) -> #N/A
A21: Front | B21: Front · prev | D21: =IF(Front!H5="",NA(),Front!H5) -> 4 | E21: =IF(Front!J5="",NA(),Front!J5) -> #N/A | F21: =IF(Front!L5="",NA(),Front!L5) -> #N/A | G21: =IF(Front!N5="",NA(),Front!N5) -> #N/A | H21: =IF(Front!P5="",NA(),Front!P5) -> #N/A | I21: =IF(Front!R5="",NA(),Front!R5) -> #N/A
A22: Front | B22: Front · real | D22: =IF(Front!I5="",NA(),Front!I5) -> #N/A | E22: =IF(Front!K5="",NA(),Front!K5) -> #N/A | F22: =IF(Front!M5="",NA(),Front!M5) -> #N/A | G22: =IF(Front!O5="",NA(),Front!O5) -> #N/A | H22: =IF(Front!Q5="",NA(),Front!Q5) -> #N/A | I22: =IF(Front!S5="",NA(),Front!S5) -> #N/A
A23: Vertical | B23: Vertical · prev | D23: =IF(Vertical!H5="",NA(),Vertical!H5) -> 3 | E23: =IF(Vertical!J5="",NA(),Vertical!J5) -> #N/A | F23: =IF(Vertical!L5="",NA(),Vertical!L5) -> #N/A | G23: =IF(Vertical!N5="",NA(),Vertical!N5) -> #N/A | H23: =IF(Vertical!P5="",NA(),Vertical!P5) -> #N/A | I23: =IF(Vertical!R5="",NA(),Vertical!R5) -> #N/A
A24: Vertical | B24: Vertical · real | D24: =IF(Vertical!I5="",NA(),Vertical!I5) -> #N/A | E24: =IF(Vertical!K5="",NA(),Vertical!K5) -> #N/A | F24: =IF(Vertical!M5="",NA(),Vertical!M5) -> #N/A | G24: =IF(Vertical!O5="",NA(),Vertical!O5) -> #N/A | H24: =IF(Vertical!Q5="",NA(),Vertical!Q5) -> #N/A | I24: =IF(Vertical!S5="",NA(),Vertical!S5) -> #N/A
A25: Dominadas | B25: Dominadas · prev | D25: =IF(Dominadas!H5="",NA(),Dominadas!H5) -> 3 | E25: =IF(Dominadas!J5="",NA(),Dominadas!J5) -> #N/A | F25: =IF(Dominadas!L5="",NA(),Dominadas!L5) -> #N/A | G25: =IF(Dominadas!N5="",NA(),Dominadas!N5) -> #N/A | H25: =IF(Dominadas!P5="",NA(),Dominadas!P5) -> #N/A | I25: =IF(Dominadas!R5="",NA(),Dominadas!R5) -> #N/A
A26: Dominadas | B26: Dominadas · real | D26: =IF(Dominadas!I5="",NA(),Dominadas!I5) -> #N/A | E26: =IF(Dominadas!K5="",NA(),Dominadas!K5) -> #N/A | F26: =IF(Dominadas!M5="",NA(),Dominadas!M5) -> #N/A | G26: =IF(Dominadas!O5="",NA(),Dominadas!O5) -> #N/A | H26: =IF(Dominadas!Q5="",NA(),Dominadas!Q5) -> #N/A | I26: =IF(Dominadas!S5="",NA(),Dominadas!S5) -> #N/A
